target_no,company,official_entity_name,source_type,page_title,url,domain,availability,scope_or_relation,crawl_priority,notes,verified_on,kind,rank
1,Australian Strategic Metals,Australian Strategic Materials Ltd,Newsroom / News,News,https://asm-au.com/news/,asm-au.com,Available,Company,Primary,,2026-08-11 00:00:00,newsroom,2
1,Australian Strategic Metals,Australian Strategic Materials Ltd,Investor Relations,Investor Centre,https://asm-au.com/investors/,asm-au.com,Available,Company,Primary,,2026-08-11 00:00:00,ir,4
1,Australian Strategic Metals,Australian Strategic Materials Ltd,Regulatory Filings / Exchange Announcements,ASX Announcements,https://asm-au.com/investors/asx-announcements/,asm-au.com,Available,Company,Primary,,2026-08-11 00:00:00,filing,6
1,Australian Strategic Metals,Australian Strategic Materials Ltd,Investor Presentations,Corporate Presentations,https://asm-au.com/investors/corporate-presentations/,asm-au.com,Available,Company,Primary,,2026-08-11 00:00:00,presentation,8
1,Australian Strategic Metals,Australian Strategic Materials Ltd,Financial Reports,Company Reports,https://asm-au.com/investors/company-reports/,asm-au.com,Available,Company,Primary,,2026-08-11 00:00:00,financial_report,10
2,Cognex,Cognex Corporation,Investor News / Press Releases,News,https://investor.cognex.com/news/default.aspx,investor.cognex.com,Available,Company,Primary,,2026-08-11 00:00:00,press_release,0
2,Cognex,Cognex Corporation,Investor Relations,Investor Relations Home,https://investor.cognex.com/home/default.aspx,investor.cognex.com,Available,Company,Primary,,2026-08-11 00:00:00,ir,4
2,Cognex,Cognex Corporation,Regulatory Filings,SEC Filings,https://investor.cognex.com/financial-reports/sec-filings/default.aspx,investor.cognex.com,Available,Company,Primary,,2026-08-11 00:00:00,filing,6
2,Cognex,Cognex Corporation,Annual Reports,Annual Reports,https://investor.cognex.com/financial-reports/annual-reports/default.aspx,investor.cognex.com,Available,Company,Primary,,2026-08-11 00:00:00,financial_report,10
3,Corning,Corning Incorporated,Newsroom / News,News & Events,https://www.corning.com/worldwide/en/about-us/news-events.html,www.corning.com,Available,Company,Primary,,2026-08-11 00:00:00,newsroom,2
3,Corning,Corning Incorporated,Investor Relations,Investor Relations,https://investor.corning.com/investor-relations/default.aspx,investor.corning.com,Available,Company,Primary,,2026-08-11 00:00:00,ir,4
3,Corning,Corning Incorporated,Regulatory Filings,SEC Filings,https://investor.corning.com/investor-relations/financials/sec-filings/default.aspx,investor.corning.com,Available,Company,Primary,,2026-08-11 00:00:00,filing,6
4,Charles River,"Charles River Laboratories International, Inc.",Press Releases,News Releases,https://ir.criver.com/news-releases/,ir.criver.com,Available,Company,Primary,,2026-08-11 00:00:00,press_release,0
4,Charles River,"Charles River Laboratories International, Inc.",Investor Relations,Investor Relations,https://ir.criver.com/,ir.criver.com,Available,Company,Primary,,2026-08-11 00:00:00,ir,4
4,Charles River,"Charles River Laboratories International, Inc.",Regulatory Filings,SEC Filings,https://ir.criver.com/sec-filings/,ir.criver.com,Available,Company,Primary,,2026-08-11 00:00:00,filing,6
5,Cytiva,Cytiva (Danaher operating company),Newsroom / News,Cytiva News Center,https://www.cytivalifesciences.com/news-center,www.cytivalifesciences.com,Available,Company,Primary,,2026-08-11 00:00:00,newsroom,2
5,Cytiva,Danaher Corporation,Press Releases,Danaher Press Releases,https://www.danaher.com/press-releases,www.danaher.com,Available,Parent company (supplemental),Supplemental,Parent-company source for Cytiva.,2026-08-11 00:00:00,press_release,40
5,Cytiva,Danaher Corporation,Newsroom / News,Danaher Newsroom,https://www.danaher.com/newsroom,www.danaher.com,Available,Parent company (supplemental),Supplemental,Parent-company source for Cytiva.,2026-08-11 00:00:00,newsroom,42
5,Cytiva,Danaher Corporation,Investor Relations,Danaher Investor Relations,https://investors.danaher.com/,investors.danaher.com,Available,Parent company (supplemental),Supplemental,Parent-company source for Cytiva.,2026-08-11 00:00:00,ir,44
5,Cytiva,Danaher Corporation,Regulatory Filings,Danaher SEC Filings,https://investors.danaher.com/sec-filings,investors.danaher.com,Available,Parent company (supplemental),Supplemental,Parent-company source for Cytiva.,2026-08-11 00:00:00,filing,46
6,Moderna,"Moderna, Inc.",Press Releases,Moderna News / Press Releases,https://news.modernatx.com/,news.modernatx.com,Available,Company,Primary,,2026-08-11 00:00:00,press_release,0
6,Moderna,"Moderna, Inc.",Newsroom / News,News and Media,https://www.modernatx.com/newsroom/news-and-media,www.modernatx.com,Available,Company,Primary,,2026-08-11 00:00:00,newsroom,2
6,Moderna,"Moderna, Inc.",Investor Relations,Investor Relations,https://investors.modernatx.com/,investors.modernatx.com,Available,Company,Primary,,2026-08-11 00:00:00,ir,4
6,Moderna,"Moderna, Inc.",Regulatory Filings,SEC Filings,https://investors.modernatx.com/sec-filings,investors.modernatx.com,Available,Company,Primary,,2026-08-11 00:00:00,filing,6
6,Moderna,"Moderna, Inc.",Annual Reports,Annual Reports,https://investors.modernatx.com/annual-reports,investors.modernatx.com,Available,Company,Primary,,2026-08-11 00:00:00,financial_report,10
6,Moderna,"Moderna, Inc.",Quarterly Results,Quarterly Results,https://investors.modernatx.com/quarterly-results,investors.modernatx.com,Available,Company,Primary,,2026-08-11 00:00:00,official_page,20
7,West Pharmaceutical,"West Pharmaceutical Services, Inc.",Press Releases,Press Releases,https://investor.westpharma.com/press-releases,investor.westpharma.com,Available,Company,Primary,,2026-08-11 00:00:00,press_release,0
7,West Pharmaceutical,"West Pharmaceutical Services, Inc.",Investor Relations,Investor Relations,https://investor.westpharma.com/,investor.westpharma.com,Available,Company,Primary,,2026-08-11 00:00:00,ir,4
7,West Pharmaceutical,"West Pharmaceutical Services, Inc.",Financial Reports / Filings,Financial Information,https://investor.westpharma.com/financial,investor.westpharma.com,Available,Company,Primary,,2026-08-11 00:00:00,financial_report,10
8,Dupont,"DuPont de Nemours, Inc.",Newsroom / News,News and Media,https://www.investors.dupont.com/news-and-media/,www.investors.dupont.com,Available,Company,Primary,,2026-08-11 00:00:00,newsroom,2
8,Dupont,"DuPont de Nemours, Inc.",Investor Relations,DuPont Investors,https://www.investors.dupont.com/investors/dupont-investors/default.aspx,www.investors.dupont.com,Available,Company,Primary,,2026-08-11 00:00:00,ir,4
8,Dupont,"DuPont de Nemours, Inc.",Regulatory Filings / Reports,Filings and Reports,https://www.investors.dupont.com/investors/dupont-investors/filings-and-reports/,www.investors.dupont.com,Available,Company,Primary,,2026-08-11 00:00:00,financial_report,10
9,Albemarle,Albemarle Corporation,Newsroom / News,Newsroom,https://www.albemarle.com/us/en/newsroom,www.albemarle.com,Available,Company,Primary,,2026-08-11 00:00:00,newsroom,2
9,Albemarle,Albemarle Corporation,Investor Relations,Investor Relations Overview,https://investors.albemarle.com/overview/,investors.albemarle.com,Available,Company,Primary,,2026-08-11 00:00:00,ir,4
9,Albemarle,Albemarle Corporation,Regulatory Filings,SEC Filings,https://investors.albemarle.com/financials/sec-filings/default.aspx,investors.albemarle.com,Available,Company,Primary,,2026-08-11 00:00:00,filing,6
9,Albemarle,Albemarle Corporation,Annual Reports,Annual Reports,https://investors.albemarle.com/financials/annual-reports/default.aspx,investors.albemarle.com,Available,Company,Primary,,2026-08-11 00:00:00,financial_report,10
10,TIMET,Titanium Metals Corporation (TIMET),Newsroom / News,TIMET News,https://www.timet.com/timet-news/,www.timet.com,Available,Company,Primary,,2026-08-11 00:00:00,newsroom,2
10,TIMET,Titanium Metals Corporation (TIMET),Corporate Documents,Documents,https://www.timet.com/documents/,www.timet.com,Available,Company,Primary,,2026-08-11 00:00:00,official_page,20
11,Air Products,"Air Products and Chemicals, Inc.",Newsroom / News,News Center,https://www.airproducts.com/company/news-center,www.airproducts.com,Available,Company,Primary,"Official Air Products news center; automated clients may encounter access-control/403 behavior, so keep the investor news feed as a crawler fallback.",2026-08-11 00:00:00,newsroom,2
11,Air Products,"Air Products and Chemicals, Inc.",Investor Relations,Investor Relations,https://investors.airproducts.com/,investors.airproducts.com,Available,Company,Primary,,2026-08-11 00:00:00,ir,4
11,Air Products,"Air Products and Chemicals, Inc.",Annual Reports / Regulatory Filings,Annual Reports and Filings,https://investors.airproducts.com/annual-reports,investors.airproducts.com,Available,Company,Primary,,2026-08-11 00:00:00,financial_report,10
12,Chemours,The Chemours Company,Press Releases,News Releases,https://investors.chemours.com/news-releases,investors.chemours.com,Available,Company,Primary,,2026-08-11 00:00:00,press_release,0
12,Chemours,The Chemours Company,Investor Relations,Investor Relations,https://investors.chemours.com/,investors.chemours.com,Available,Company,Primary,,2026-08-11 00:00:00,ir,4
12,Chemours,The Chemours Company,Regulatory Filings,SEC Filings,https://investors.chemours.com/financial-information/sec-filings,investors.chemours.com,Available,Company,Primary,,2026-08-11 00:00:00,filing,6
12,Chemours,The Chemours Company,Quarterly Results,Quarterly Reports,https://investors.chemours.com/financial-information/quarterly-reports,investors.chemours.com,Available,Company,Primary,,2026-08-11 00:00:00,official_page,20
13,BorgWarner,BorgWarner Inc.,Press Releases,Press Releases,https://www.borgwarner.com/newsroom/press-releases,www.borgwarner.com,Available,Company,Primary,,2026-08-11 00:00:00,press_release,0
13,BorgWarner,BorgWarner Inc.,Newsroom / News,Newsroom,https://www.borgwarner.com/newsroom,www.borgwarner.com,Available,Company,Primary,,2026-08-11 00:00:00,newsroom,2
13,BorgWarner,BorgWarner Inc.,Investor Relations,Investors,https://www.borgwarner.com/investors/,www.borgwarner.com,Available,Company,Primary,,2026-08-11 00:00:00,ir,4
13,BorgWarner,BorgWarner Inc.,Regulatory Filings,SEC Filings,https://www.borgwarner.com/investors/sec-filings,www.borgwarner.com,Available,Company,Primary,,2026-08-11 00:00:00,filing,6
13,BorgWarner,BorgWarner Inc.,Annual Reports,Annual Reports,https://www.borgwarner.com/investors/annual-reports,www.borgwarner.com,Available,Company,Primary,,2026-08-11 00:00:00,financial_report,10
14,DOW,Dow Inc.,Press Releases,Corporate Press Releases,https://corporate.dow.com/en-us/news/press-releases,corporate.dow.com,Available,Company,Primary,,2026-08-11 00:00:00,press_release,0
14,DOW,Dow Inc.,Investor News,Investor News,https://investors.dow.com/en/news/default.aspx,investors.dow.com,Available,Company,Primary,,2026-08-11 00:00:00,newsroom,2
14,DOW,Dow Inc.,Newsroom / News,Corporate News,https://corporate.dow.com/en-us/news.html,corporate.dow.com,Available,Company,Primary,,2026-08-11 00:00:00,newsroom,2
14,DOW,Dow Inc.,Regulatory Filings / Financial Reporting,Financial Reporting,https://investors.dow.com/en/reporting/,investors.dow.com,Available,Company,Primary,,2026-08-11 00:00:00,financial_report,10
15,Thermo Fisher,Thermo Fisher Scientific Inc.,Newsroom / News,Newsroom,https://newsroom.thermofisher.com/newsroom/overview/default.aspx,newsroom.thermofisher.com,Available,Company,Primary,,2026-08-11 00:00:00,newsroom,2
15,Thermo Fisher,Thermo Fisher Scientific Inc.,Investor Relations,Investor Relations,https://ir.thermofisher.com/,ir.thermofisher.com,Available,Company,Primary,,2026-08-11 00:00:00,ir,4
15,Thermo Fisher,Thermo Fisher Scientific Inc.,Regulatory Filings,SEC Filings,https://ir.thermofisher.com/investors/financials/sec-filings/default.aspx,ir.thermofisher.com,Available,Company,Primary,,2026-08-11 00:00:00,filing,6
16,Amkor Technology,"Amkor Technology, Inc.",Press Releases,Investor Press Releases,https://ir.amkor.com/press-releases,ir.amkor.com,Available,Company,Primary,,2026-08-11 00:00:00,press_release,0
16,Amkor Technology,"Amkor Technology, Inc.",Company News,Company News Archive,https://amkor.com/category/company-news/,amkor.com,Available,Company,Primary,,2026-08-11 00:00:00,newsroom,2
16,Amkor Technology,"Amkor Technology, Inc.",Newsroom / News,Corporate News,https://amkor.com/news/,amkor.com,Available,Company,Primary,,2026-08-11 00:00:00,newsroom,2
16,Amkor Technology,"Amkor Technology, Inc.",Investor Relations,Investor Relations,https://ir.amkor.com/,ir.amkor.com,Available,Company,Primary,,2026-08-11 00:00:00,ir,4
16,Amkor Technology,"Amkor Technology, Inc.",Regulatory Filings,SEC Filings,https://ir.amkor.com/financials/sec-filings,ir.amkor.com,Available,Company,Primary,,2026-08-11 00:00:00,filing,6
17,Onsemi,onsemi (ON Semiconductor Corporation),Press Releases,Press-filtered Newsroom,https://www.onsemi.com/company/newsroom/news-and-insights?type=press,www.onsemi.com,Available,Company,Primary,,2026-08-11 00:00:00,press_release,0
17,Onsemi,onsemi (ON Semiconductor Corporation),Investor News,Investor News,https://investor.onsemi.com/news,investor.onsemi.com,Available,Company,Primary,,2026-08-11 00:00:00,newsroom,2
17,Onsemi,onsemi (ON Semiconductor Corporation),Newsroom / News,News and Insights,https://www.onsemi.com/company/newsroom/news-and-insights,www.onsemi.com,Available,Company,Primary,,2026-08-11 00:00:00,newsroom,2
17,Onsemi,onsemi (ON Semiconductor Corporation),Investor Relations,Investor Relations,https://investor.onsemi.com/,investor.onsemi.com,Available,Company,Primary,,2026-08-11 00:00:00,ir,4
17,Onsemi,onsemi (ON Semiconductor Corporation),Regulatory Filings,SEC Filings,https://investor.onsemi.com/sec-filings,investor.onsemi.com,Available,Company,Primary,,2026-08-11 00:00:00,filing,6
18,Qualcomm,QUALCOMM Incorporated,Press Releases,News Releases,https://www.qualcomm.com/news/releases,www.qualcomm.com,Available,Company,Primary,,2026-08-11 00:00:00,press_release,0
18,Qualcomm,QUALCOMM Incorporated,Newsroom / News,Qualcomm News,https://www.qualcomm.com/news,www.qualcomm.com,Available,Company,Primary,,2026-08-11 00:00:00,newsroom,2
18,Qualcomm,QUALCOMM Incorporated,Investor Relations,Investor Relations Overview,https://investor.qualcomm.com/overview/,investor.qualcomm.com,Available,Company,Primary,,2026-08-11 00:00:00,ir,4
18,Qualcomm,QUALCOMM Incorporated,Regulatory Filings,SEC Filings,https://investor.qualcomm.com/financial-information/sec-filings,investor.qualcomm.com,Available,Company,Primary,,2026-08-11 00:00:00,filing,6
18,Qualcomm,QUALCOMM Incorporated,Historical Financial Results,Historical Financial Results,https://investor.qualcomm.com/financial-info-sec-filings/historical-financial-results/default.aspx,investor.qualcomm.com,Available,Company,Primary,,2026-08-11 00:00:00,official_page,20
18,Qualcomm,QUALCOMM Incorporated,Investor Materials,Investor Kit,https://investor.qualcomm.com/financial-info-sec-filings/investor-kit/default.aspx,investor.qualcomm.com,Available,Company,Primary,,2026-08-11 00:00:00,official_page,20
19,Skyworks,"Skyworks Solutions, Inc.",Press Releases,Press Releases,https://investors.skyworksinc.com/press-releases,investors.skyworksinc.com,Available,Company,Primary,,2026-08-11 00:00:00,press_release,0
19,Skyworks,"Skyworks Solutions, Inc.",Investor Relations,Investor Relations,https://investors.skyworksinc.com/,investors.skyworksinc.com,Available,Company,Primary,,2026-08-11 00:00:00,ir,4
19,Skyworks,"Skyworks Solutions, Inc.",Regulatory Filings,SEC Filings,https://investors.skyworksinc.com/financial-information/sec-filings,investors.skyworksinc.com,Available,Company,Primary,,2026-08-11 00:00:00,filing,6
20,Eli Lilly and Company,Eli Lilly and Company,Newsroom / News,Lilly News,https://www.lilly.com/news,www.lilly.com,Available,Company,Primary,,2026-08-11 00:00:00,newsroom,2
20,Eli Lilly and Company,Eli Lilly and Company,Investor Relations,Investor Relations,https://investor.lilly.com/investor-relations,investor.lilly.com,Available,Company,Primary,,2026-08-11 00:00:00,ir,4
20,Eli Lilly and Company,Eli Lilly and Company,Regulatory Filings,SEC Filings,https://investor.lilly.com/financial-information/sec-filings,investor.lilly.com,Available,Company,Primary,,2026-08-11 00:00:00,filing,6
20,Eli Lilly and Company,Eli Lilly and Company,Media Center,Media,https://www.lilly.com/news/media,www.lilly.com,Available,Company,Primary,,2026-08-11 00:00:00,official_page,20
21,GE Healthcare,GE HealthCare Technologies Inc.,Investor News / Press Releases,Investor News Releases,https://investor.gehealthcare.com/news-events/news-releases,investor.gehealthcare.com,Available,Company,Primary,,2026-08-11 00:00:00,press_release,0
21,GE Healthcare,GE HealthCare Technologies Inc.,Press Releases,Corporate Press Releases,https://www.gehealthcare.com/en/about/newsroom/press-releases,www.gehealthcare.com,Available,Company,Primary,,2026-08-11 00:00:00,press_release,0
21,GE Healthcare,GE HealthCare Technologies Inc.,Investor Relations,Investor Relations,https://investor.gehealthcare.com/,investor.gehealthcare.com,Available,Company,Primary,,2026-08-11 00:00:00,ir,4
21,GE Healthcare,GE HealthCare Technologies Inc.,Regulatory Filings,SEC Filings,https://investor.gehealthcare.com/financial-information/sec-filings,investor.gehealthcare.com,Available,Company,Primary,,2026-08-11 00:00:00,filing,6
22,Boeing,The Boeing Company,Press Releases / Statements,News Releases and Statements,https://boeing.mediaroom.com/news-releases-statements,boeing.mediaroom.com,Available,Company,Primary,,2026-08-11 00:00:00,press_release,0
22,Boeing,The Boeing Company,Investor News,Investor News,https://investors.boeing.com/investors/news/,investors.boeing.com,Available,Company,Primary,,2026-08-11 00:00:00,newsroom,2
22,Boeing,The Boeing Company,Investor Relations,Investor Relations Overview,https://investors.boeing.com/investors/overview/,investors.boeing.com,Available,Company,Primary,,2026-08-11 00:00:00,ir,4
22,Boeing,The Boeing Company,Regulatory Filings / Reports,Reports,https://investors.boeing.com/investors/reports/default.aspx,investors.boeing.com,Available,Company,Primary,,2026-08-11 00:00:00,financial_report,10
23,3M,3M Company,Investor Press Releases,IR Press Releases,https://investors.3m.com/news-events/press-releases,investors.3m.com,Available,Company,Primary,,2026-08-11 00:00:00,press_release,0
23,3M,3M Company,Press Releases,Corporate Press Releases,https://news.3m.com/press-releases,news.3m.com,Available,Company,Primary,,2026-08-11 00:00:00,press_release,0
23,3M,3M Company,Investor Relations,Investor Relations,https://investors.3m.com/,investors.3m.com,Available,Company,Primary,,2026-08-11 00:00:00,ir,4
23,3M,3M Company,Regulatory Filings,SEC Filings,https://investors.3m.com/financials/sec-filings,investors.3m.com,Available,Company,Primary,,2026-08-11 00:00:00,filing,6
24,Ouster,"Ouster, Inc.",Press Releases,News Releases,https://investors.ouster.com/news-events/news-releases,investors.ouster.com,Available,Company,Primary,,2026-08-11 00:00:00,press_release,0
24,Ouster,"Ouster, Inc.",Investor Relations,Investor Relations,https://investors.ouster.com/,investors.ouster.com,Available,Company,Primary,,2026-08-11 00:00:00,ir,4
24,Ouster,"Ouster, Inc.",Regulatory Filings,SEC Filings,https://investors.ouster.com/financial-information/sec-filings,investors.ouster.com,Available,Company,Primary,,2026-08-11 00:00:00,filing,6
25,Applied Materials,"Applied Materials, Inc.",Press Releases,Investor News Releases,https://ir.appliedmaterials.com/news-releases/,ir.appliedmaterials.com,Available,Company,Primary,,2026-08-11 00:00:00,press_release,0
25,Applied Materials,"Applied Materials, Inc.",Newsroom / News,Applied Materials Newsroom,https://www.appliedmaterials.com/us/en/newsroom.html,www.appliedmaterials.com,Available,Company,Primary,,2026-08-11 00:00:00,newsroom,2
25,Applied Materials,"Applied Materials, Inc.",Investor Relations,Investor Relations,https://ir.appliedmaterials.com/,ir.appliedmaterials.com,Available,Company,Primary,,2026-08-11 00:00:00,ir,4
25,Applied Materials,"Applied Materials, Inc.",Regulatory Filings,SEC Filings,https://ir.appliedmaterials.com/financial-information/sec-filings,ir.appliedmaterials.com,Available,Company,Primary,,2026-08-11 00:00:00,filing,6
26,Magnix,magniX,Newsroom / News,magniX News,https://www.magnix.aero/news,www.magnix.aero,Available,Company,Primary,,2026-08-11 00:00:00,newsroom,2
27,Prodrive,Prodrive Technologies B.V.,Press Releases,Press-release Filter,https://prodrive-technologies.com/en/about-us/news/?label=Press+release,prodrive-technologies.com,Available,Company,Primary,,2026-08-11 00:00:00,press_release,0
27,Prodrive,Prodrive Technologies B.V.,Newsroom / News,News,https://prodrive-technologies.com/en/about-us/news/,prodrive-technologies.com,Available,Company,Primary,,2026-08-11 00:00:00,newsroom,2
28,ASML,ASML Holding N.V.,Newsroom / News,ASML News,https://www.asml.com/en/news,www.asml.com,Available,Company,Primary,,2026-08-11 00:00:00,newsroom,2
28,ASML,ASML Holding N.V.,Investor Relations,Investors,https://www.asml.com/en/investors,www.asml.com,Available,Company,Primary,,2026-08-11 00:00:00,ir,4
28,ASML,ASML Holding N.V.,Financial Reports / Results,Financial Results,https://www.asml.com/en/investors/financial-results,www.asml.com,Available,Company,Primary,,2026-08-11 00:00:00,financial_report,10
29,Besi,BE Semiconductor Industries N.V. (Besi),Press Releases,Press Releases,https://www.besi.com/investor-relations/press-releases/,www.besi.com,Available,Company,Primary,,2026-08-11 00:00:00,press_release,0
29,Besi,BE Semiconductor Industries N.V. (Besi),Investor Relations,Investor Relations,https://www.besi.com/investor-relations/,www.besi.com,Available,Company,Primary,,2026-08-11 00:00:00,ir,4
29,Besi,BE Semiconductor Industries N.V. (Besi),Financial Reports / Publications,Financial Reports and Publications,https://www.besi.com/investor-relations/financial-reports-and-publications/,www.besi.com,Available,Company,Primary,,2026-08-11 00:00:00,financial_report,10
30,NXP,NXP Semiconductors N.V.,Press Releases,Press Releases,https://www.nxp.com/press-releases,www.nxp.com,Available,Company,Primary,,2026-08-11 00:00:00,press_release,0
30,NXP,NXP Semiconductors N.V.,Newsroom / Media,Media Center Press Releases,https://media.nxp.com/media-center/press-releases/,media.nxp.com,Available,Company,Primary,,2026-08-11 00:00:00,newsroom,2
30,NXP,NXP Semiconductors N.V.,Investor Relations,Investor Relations,https://www.nxp.com/company/about-nxp/investor-relations%3AINVESTOR-RELATIONS,www.nxp.com,Available,Company,Primary,,2026-08-11 00:00:00,ir,4
30,NXP,NXP Semiconductors N.V.,Regulatory Filings,SEC Filings (IR endpoint),https://investors.nxp.com/financial-information/irol-sec/,investors.nxp.com,Available,Company,Primary,Legacy/IR SEC endpoint; retain for crawler fallback/redirect handling.,2026-08-11 00:00:00,filing,6
31,Norsk Hydro,Norsk Hydro ASA,Investor News Subscription,News Subscription,https://www.hydro.com/en/global/investors/news-subscription/,www.hydro.com,Available,Company,Primary,,2026-08-11 00:00:00,newsroom,2
31,Norsk Hydro,Norsk Hydro ASA,Newsroom / Media,Media,https://www.hydro.com/en/global/media/,www.hydro.com,Available,Company,Primary,,2026-08-11 00:00:00,newsroom,2
31,Norsk Hydro,Norsk Hydro ASA,Newsroom / News,News,https://www.hydro.com/en/global/media/news/,www.hydro.com,Available,Company,Primary,,2026-08-11 00:00:00,newsroom,2
31,Norsk Hydro,Norsk Hydro ASA,Investor Relations,Investors,https://www.hydro.com/en/global/investors/,www.hydro.com,Available,Company,Primary,,2026-08-11 00:00:00,ir,4
31,Norsk Hydro,Norsk Hydro ASA,Financial Reports / Presentations,Reports and Presentations,https://www.hydro.com/en/global/investors/reports-and-presentations/,www.hydro.com,Available,Company,Primary,,2026-08-11 00:00:00,presentation,8
32,Vestas,Vestas Wind Systems A/S,Company News,Company News,https://www.vestas.com/en/media/company-news,www.vestas.com,Available,Company,Primary,,2026-08-11 00:00:00,newsroom,2
32,Vestas,Vestas Wind Systems A/S,Newsroom / Media,Media,https://www.vestas.com/en/media,www.vestas.com,Available,Company,Primary,,2026-08-11 00:00:00,newsroom,2
32,Vestas,Vestas Wind Systems A/S,Investor Relations,Investor,https://www.vestas.com/en/investor,www.vestas.com,Available,Company,Primary,,2026-08-11 00:00:00,ir,4
32,Vestas,Vestas Wind Systems A/S,Regulatory Filings / Company Announcements,Company Announcements,https://www.vestas.com/en/investor/announcements,www.vestas.com,Available,Company,Primary,,2026-08-11 00:00:00,filing,6
32,Vestas,Vestas Wind Systems A/S,Financial Reports,Vestas Reporting,https://www.vestas.com/en/investor/reports-and-presentations/vestas-reporting,www.vestas.com,Available,Company,Primary,,2026-08-11 00:00:00,financial_report,10
33,Heidenhain,DR. JOHANNES HEIDENHAIN GmbH,Press Releases,Press Releases,https://www.heidenhain.com/news/press-releases,www.heidenhain.com,Available,Company,Primary,,2026-08-11 00:00:00,press_release,0
33,Heidenhain,DR. JOHANNES HEIDENHAIN GmbH,Newsroom / News,News,https://www.heidenhain.com/news,www.heidenhain.com,Available,Company,Primary,,2026-08-11 00:00:00,newsroom,2
33,Heidenhain,DR. JOHANNES HEIDENHAIN GmbH,Regional Newsroom,U.S. Newsroom,https://www.heidenhain.us/news-resources/newsroom/,www.heidenhain.us,Available,Company,Primary,,2026-08-11 00:00:00,newsroom,2
34,Infineon,Infineon Technologies AG,Press Releases / Media,Press,https://www.infineon.com/about/press,www.infineon.com,Available,Company,Primary,,2026-08-11 00:00:00,press_release,0
34,Infineon,Infineon Technologies AG,Investor News,Investor News,https://www.infineon.com/about/investor/news,www.infineon.com,Available,Company,Primary,,2026-08-11 00:00:00,newsroom,2
34,Infineon,Infineon Technologies AG,Investor Relations,Investor,https://www.infineon.com/about/investor,www.infineon.com,Available,Company,Primary,,2026-08-11 00:00:00,ir,4
34,Infineon,Infineon Technologies AG,Financial Reports / Results,Financial Results,https://www.infineon.com/about/investor/reports-presentations/financial-results,www.infineon.com,Available,Company,Primary,,2026-08-11 00:00:00,financial_report,10
35,Schmalz,J. Schmalz GmbH,Newsroom / News,Latest News,https://www.schmalz.com/en/career-company/latest/news,www.schmalz.com,Available,Company,Primary,,2026-08-11 00:00:00,newsroom,2
36,Bayer,Bayer AG,Investor News / Ad-hoc,Investor News,https://www.bayer.com/en/investors/investor-news,www.bayer.com,Available,Company,Primary,,2026-08-11 00:00:00,newsroom,2
36,Bayer,Bayer AG,Newsroom / Media,Global Newsroom,https://www.bayer.com/media/en-us/,www.bayer.com,Available,Company,Primary,,2026-08-11 00:00:00,newsroom,2
36,Bayer,Bayer AG,Investor Relations,Investors,https://www.bayer.com/en/investors,www.bayer.com,Available,Company,Primary,,2026-08-11 00:00:00,ir,4
36,Bayer,Bayer AG,Financial Reports,Financial Reports,https://www.bayer.com/en/investors/financial-reports,www.bayer.com,Available,Company,Primary,,2026-08-11 00:00:00,financial_report,10
36,Bayer,Bayer AG,Quarterly Reports,Quarterly Reports,https://www.bayer.com/en/investors/quarterly-reports,www.bayer.com,Available,Company,Primary,,2026-08-11 00:00:00,financial_report,10
37,Merck,"Merck KGaA, Darmstadt, Germany",Press Releases / News,News,https://www.emdgroup.com/en/news.html,www.emdgroup.com,Available,Company,Primary,"Merck KGaA, Darmstadt, Germany; global public-facing corporate domain uses EMD in the U.S./Canada context.",2026-08-11 00:00:00,press_release,0
37,Merck,"Merck KGaA, Darmstadt, Germany",Newsroom / Stories,News & Stories,https://www.emdgroup.com/en/news-stories.html,www.emdgroup.com,Available,Company,Primary,,2026-08-11 00:00:00,newsroom,2
37,Merck,"Merck KGaA, Darmstadt, Germany",Investor Relations,Investors,https://www.emdgroup.com/en/investors.html,www.emdgroup.com,Available,Company,Primary,,2026-08-11 00:00:00,ir,4
37,Merck,"Merck KGaA, Darmstadt, Germany",Financial Reports,Reports and Financials,https://www.emdgroup.com/en/investors/reports-and-financials.html,www.emdgroup.com,Available,Company,Primary,,2026-08-11 00:00:00,financial_report,10
37,Merck,"Merck KGaA, Darmstadt, Germany",Financial Data,Financials,https://www.emdgroup.com/en/investors/reports-and-financials/financials.html,www.emdgroup.com,Available,Company,Primary,,2026-08-11 00:00:00,official_page,20
37,Merck,"Merck KGaA, Darmstadt, Germany",Regulatory Disclosures,Ad-hoc Releases,https://www.emdgroup.com/en/investors/corporate-governance/ad-hoc-releases.html,www.emdgroup.com,Available,Company,Primary,,2026-08-11 00:00:00,official_page,20
38,Schott Pharma,SCHOTT Pharma AG & Co. KGaA,Press Releases,IR Press Releases,https://ir.schott-pharma.com/investor-relations/de/news-publications/press-releases,ir.schott-pharma.com,Available,Company,Primary,German-language IR press-release archive.,2026-08-11 00:00:00,press_release,0
38,Schott Pharma,SCHOTT Pharma AG & Co. KGaA,Investor Relations,Investor Relations,https://ir.schott-pharma.com/investor-relations/,ir.schott-pharma.com,Available,Company,Primary,,2026-08-11 00:00:00,ir,4
38,Schott Pharma,SCHOTT Pharma AG & Co. KGaA,Financial Reports / Presentations,Reports and Presentations,https://www.schott-pharma.com/investor-relations/news-publications/reports-and-presentations,www.schott-pharma.com,Available,Company,Primary,,2026-08-11 00:00:00,presentation,8
39,BASF,BASF SE,Press Releases,News Releases,https://www.basf.com/global/en/media/news-releases,www.basf.com,Available,Company,Primary,,2026-08-11 00:00:00,press_release,0
39,BASF,BASF SE,Newsroom / Media,Media,https://www.basf.com/global/en/media,www.basf.com,Available,Company,Primary,,2026-08-11 00:00:00,newsroom,2
39,BASF,BASF SE,Investor Relations,Investors,https://www.basf.com/global/en/investors,www.basf.com,Available,Company,Primary,,2026-08-11 00:00:00,ir,4
39,BASF,BASF SE,Financial Reports,Reporting,https://www.basf.com/global/en/investors/calendar-and-publications/reporting,www.basf.com,Available,Company,Primary,,2026-08-11 00:00:00,financial_report,10
39,BASF,BASF SE,Investor Releases,Investor Releases,https://www.basf.com/global/en/investors/calendar-and-publications/investor-releases,www.basf.com,Available,Company,Primary,,2026-08-11 00:00:00,official_page,20
40,Evonik Industries,Evonik Industries AG,Press Releases,Press Releases,https://publications.evonik.com/en/media/press-releases,publications.evonik.com,Available,Company,Primary,,2026-08-11 00:00:00,press_release,0
40,Evonik Industries,Evonik Industries AG,Newsroom / Media,Media,https://www.evonik.com/en/media.html,www.evonik.com,Available,Company,Primary,,2026-08-11 00:00:00,newsroom,2
40,Evonik Industries,Evonik Industries AG,Investor Relations,Investor Relations,https://www.evonik.com/en/investor-relations.html,www.evonik.com,Available,Company,Primary,,2026-08-11 00:00:00,ir,4
40,Evonik Industries,Evonik Industries AG,Financial Reports,Reporting,https://www.evonik.com/en/investor-relations/Reporting.html,www.evonik.com,Available,Company,Primary,,2026-08-11 00:00:00,financial_report,10
40,Evonik Industries,Evonik Industries AG,Financial Reports Archive,Reports Archive,https://publications.evonik.com/en/investor-relations/reports,publications.evonik.com,Available,Company,Primary,,2026-08-11 00:00:00,financial_report,10
40,Evonik Industries,Evonik Industries AG,Investor Publications,Publications,https://www.evonik.com/en/investor-relations/publications.html,www.evonik.com,Available,Company,Primary,,2026-08-11 00:00:00,official_page,20
41,Heraeus,Heraeus Holding GmbH,Newsroom / News,News and Stories,https://www.heraeus.com/en/news-and-stories/,www.heraeus.com,Available,Company,Primary,,2026-08-11 00:00:00,newsroom,2
42,Jenoptik,JENOPTIK AG,Press Releases,Press Releases,https://www.jenoptik.com/news/pressreleases,www.jenoptik.com,Available,Company,Primary,,2026-08-11 00:00:00,press_release,0
42,Jenoptik,JENOPTIK AG,Newsroom / News,News,https://www.jenoptik.com/news,www.jenoptik.com,Available,Company,Primary,,2026-08-11 00:00:00,newsroom,2
42,Jenoptik,JENOPTIK AG,Regulatory Disclosures / IR News,News and Ad-hoc Releases,https://www.jenoptik.com/investors/news-and-adhoc-releases,www.jenoptik.com,Available,Company,Primary,,2026-08-11 00:00:00,newsroom,2
42,Jenoptik,JENOPTIK AG,Investor Relations,Investors,https://www.jenoptik.com/investors,www.jenoptik.com,Available,Company,Primary,,2026-08-11 00:00:00,ir,4
42,Jenoptik,JENOPTIK AG,Financial Reports / Presentations,Reports and Presentations,https://www.jenoptik.com/investors/reports-and-presentations,www.jenoptik.com,Available,Company,Primary,,2026-08-11 00:00:00,presentation,8
43,EMM(Umicore),Extra Mile Materials B.V. (EMM),Company Website,Extra Mile Materials,https://www.extramilematerials.com/,www.extramilematerials.com,Available,Company,Primary,,2026-08-11 00:00:00,official_page,20
43,EMM(Umicore),Extra Mile Materials B.V. (EMM),Corporate Information,About Us,https://www.extramilematerials.com/about-us,www.extramilematerials.com,Available,Company,Primary,,2026-08-11 00:00:00,official_page,20
43,EMM(Umicore),HS Hyosung,Press Releases,HS Hyosung Press Releases,https://www.hshyosung.com/en/media/press-release,www.hshyosung.com,Available,Current controlling shareholder / parent (supplemental),Supplemental,Supplemental disclosure stream relevant to EMM.,2026-08-11 00:00:00,press_release,40
43,EMM(Umicore),Umicore SA/NV,Newsroom / News,Umicore Newsroom,https://www.umicore.com/en/media/newsroom/,www.umicore.com,Available,Related company / former parent (supplemental),Supplemental,PDF labels the target as EMM(Umicore); retained as a related historical/current shareholder information source.,2026-08-11 00:00:00,newsroom,42
43,EMM(Umicore),Umicore SA/NV,Investor Relations,Umicore Investor Relations,https://www.umicore.com/en/investor-relations/,www.umicore.com,Available,Related company / former parent (supplemental),Supplemental,PDF labels the target as EMM(Umicore); retained as a related historical/current shareholder information source.,2026-08-11 00:00:00,ir,44
43,EMM(Umicore),HS Hyosung Advanced Materials Corp.,Investor Relations / Notices,HS Hyosung Advanced Materials IR Notice,https://www.hshyosungadvancedmaterials.com/en/ir/notice?lang=en&page=1,www.hshyosungadvancedmaterials.com,Available,Current controlling shareholder / parent (supplemental),Supplemental,Supplemental disclosure stream relevant to EMM.,2026-08-11 00:00:00,ir,44
43,EMM(Umicore),HS Hyosung Advanced Materials Corp.,Financial Reports / IR Resources,HS Hyosung Advanced Materials IR Resources,https://www.hshyosungadvancedmaterials.com/en/ir/report,www.hshyosungadvancedmaterials.com,Available,Current controlling shareholder / parent (supplemental),Supplemental,Supplemental disclosure stream relevant to EMM.,2026-08-11 00:00:00,financial_report,50
44,Umicore,Umicore SA/NV,Newsroom / News,Newsroom,https://www.umicore.com/en/media/newsroom/,www.umicore.com,Available,Company,Primary,,2026-08-11 00:00:00,newsroom,2
44,Umicore,Umicore SA/NV,Investor Relations,Investor Relations,https://www.umicore.com/en/investor-relations/,www.umicore.com,Available,Company,Primary,,2026-08-11 00:00:00,ir,4
44,Umicore,Umicore SA/NV,Annual Reports,Annual Report,https://www.umicore.com/en/investor-relations/publications-reports/annual-report,www.umicore.com,Available,Company,Primary,,2026-08-11 00:00:00,financial_report,10
44,Umicore,Umicore SA/NV,Financial Reports,Financial Reports,https://www.umicore.com/en/investor-relations/publications-reports/financial-reports/,www.umicore.com,Available,Company,Primary,,2026-08-11 00:00:00,financial_report,10
45,Solvay,Solvay SA,Newsroom / News,Newsroom,https://www.solvay.com/en/newsroom,www.solvay.com,Available,Company,Primary,,2026-08-11 00:00:00,newsroom,2
45,Solvay,Solvay SA,Investor Relations,Investors,https://www.solvay.com/en/investors,www.solvay.com,Available,Company,Primary,,2026-08-11 00:00:00,ir,4
45,Solvay,Solvay SA,Regulatory Disclosures,Regulated News,https://www.solvay.com/en/regulated-news,www.solvay.com,Available,Company,Primary,,2026-08-11 00:00:00,official_page,20
46,Syensqo,Syensqo SA,Press Releases,News and Press Releases,https://www.syensqo.com/en/newsroom/news-and-press-releases,www.syensqo.com,Available,Company,Primary,,2026-08-11 00:00:00,press_release,0
46,Syensqo,Syensqo SA,Financial News,Financial News,https://www.syensqo.com/en/newsroom/financial-news,www.syensqo.com,Available,Company,Primary,,2026-08-11 00:00:00,newsroom,2
46,Syensqo,Syensqo SA,Newsroom / News,Newsroom,https://www.syensqo.com/en/newsroom,www.syensqo.com,Available,Company,Primary,,2026-08-11 00:00:00,newsroom,2
46,Syensqo,Syensqo SA,Investor Relations,Investors,https://www.syensqo.com/en/investors,www.syensqo.com,Available,Company,Primary,,2026-08-11 00:00:00,ir,4
46,Syensqo,Syensqo SA,Annual Reports,Annual Reports,https://www.syensqo.com/en/investors/annual-reports,www.syensqo.com,Available,Company,Primary,,2026-08-11 00:00:00,financial_report,10
46,Syensqo,Syensqo SA,Financial Reports,Financials,https://www.syensqo.com/en/investors/financials,www.syensqo.com,Available,Company,Primary,,2026-08-11 00:00:00,financial_report,10
46,Syensqo,Syensqo SA,Earnings,Earnings,https://www.syensqo.com/en/investors/financials/earnings,www.syensqo.com,Available,Company,Primary,,2026-08-11 00:00:00,official_page,20
46,Syensqo,Syensqo SA,Statutory Accounts,Statutory Accounts,https://www.syensqo.com/en/investors/financials/statutory-accounts,www.syensqo.com,Available,Company,Primary,,2026-08-11 00:00:00,official_page,20
47,Hexagon AB,Hexagon AB,Press Releases / Regulatory Disclosures,Press Releases,https://hexagon.com/company/newsroom/press-releases,hexagon.com,Available,Company,Primary,Press-release index includes regulated disclosure/public-obligation releases where applicable.,2026-08-11 00:00:00,press_release,0
47,Hexagon AB,Hexagon AB,Newsroom / Media,News & Media,https://hexagon.com/about/news-media,hexagon.com,Available,Company,Primary,,2026-08-11 00:00:00,newsroom,2
47,Hexagon AB,Hexagon AB,Investor Relations,Investors,https://investors.hexagon.com/en/,investors.hexagon.com,Available,Company,Primary,,2026-08-11 00:00:00,ir,4
48,ABB,ABB Ltd,Investor Press Releases,Press Releases,https://global.abb/group/en/investors/press-releases,global.abb,Available,Company,Primary,,2026-08-11 00:00:00,press_release,0
48,ABB,ABB Ltd,Newsroom / Media,News and Media,https://www.abb.com/global/en/company/media,www.abb.com,Available,Company,Primary,,2026-08-11 00:00:00,newsroom,2
48,ABB,ABB Ltd,Investor Relations,Investors,https://global.abb/group/en/investors,global.abb,Available,Company,Primary,,2026-08-11 00:00:00,ir,4
48,ABB,ABB Ltd,Regulatory Filings,SEC Filings / XBRL Archive,https://global.abb/group/en/investors/results-and-reports/sec-filings/xbrl-2009,global.abb,Available,Company,Primary,Historical SEC/XBRL archive endpoint; use IR landing/results pages in parallel for current materials.,2026-08-11 00:00:00,filing,6
48,ABB,ABB Ltd,Annual Reports,Annual Reporting Suite,https://www.abb.com/global/en/company/annual-reporting-suite,www.abb.com,Available,Company,Primary,,2026-08-11 00:00:00,financial_report,10
48,ABB,ABB Ltd,Quarterly Results,Quarterly Results,https://global.abb/group/en/investors/quarterly-results,global.abb,Available,Company,Primary,,2026-08-11 00:00:00,official_page,20
49,Maxon,maxon group,Newsroom / News,News,https://www.maxongroup.com/en/news-and-events/news,www.maxongroup.com,Available,Company,Primary,,2026-08-11 00:00:00,newsroom,2
49,Maxon,maxon group,Media Center,Media Center,https://www.maxongroup.com/en-us/news-and-events/media-center,www.maxongroup.com,Available,Company,Primary,,2026-08-11 00:00:00,official_page,20
50,Siemens-Gamesa,"Siemens Gamesa Renewable Energy, S.A.U.",Press Releases,Press Releases,https://www.siemensgamesa.com/global/en/home/press-releases.html,www.siemensgamesa.com,Available,Company,Primary,,2026-08-11 00:00:00,press_release,0
50,Siemens-Gamesa,"Siemens Gamesa Renewable Energy, S.A.U.",Newsroom / Media,Press / Newsroom,https://www.siemensgamesa.com/global/en/home/press.html,www.siemensgamesa.com,Available,Company,Primary,,2026-08-11 00:00:00,newsroom,2
50,Siemens-Gamesa,Siemens Energy AG,Investor Relations,Siemens Energy Investor Relations,https://www.siemens-energy.com/global/en/home/investor-relations.html,www.siemens-energy.com,Available,Parent company (supplemental),Supplemental,Parent-group investor disclosure channel for Siemens Gamesa.,2026-08-11 00:00:00,ir,44
50,Siemens-Gamesa,Siemens Energy AG,Regulatory Disclosures,Voting Rights Announcements,https://www.siemens-energy.com/global/en/home/investor-relations/share/shareholder-structure-voting-rights-announcements.html,www.siemens-energy.com,Available,Parent company (supplemental),Supplemental,Parent-group regulatory disclosure channel.,2026-08-11 00:00:00,official_page,60
50,Siemens-Gamesa,Siemens Energy AG,Regulatory Disclosures / Publications,Publications & Ad Hoc,https://www.siemens-energy.com/global/en/home/investor-relations/publications-ad-hoc.html,www.siemens-energy.com,Available,Parent company (supplemental),Supplemental,Parent-group disclosure channel for Siemens Gamesa.,2026-08-11 00:00:00,official_page,60
51,Renishaw,Renishaw plc,Company News,Company News,https://www.renishaw.com/en/company-news--6853,www.renishaw.com,Available,Company,Primary,,2026-08-11 00:00:00,newsroom,2
51,Renishaw,Renishaw plc,Newsroom / News,Latest News,https://www.renishaw.com/en/renishaw-news--6635,www.renishaw.com,Available,Company,Primary,,2026-08-11 00:00:00,newsroom,2
51,Renishaw,Renishaw plc,Investor Relations,Investors,https://www.renishaw.com/en/investors--22615,www.renishaw.com,Available,Company,Primary,,2026-08-11 00:00:00,ir,4
51,Renishaw,Renishaw plc,Financial Reports / Presentations,"Reports, Videos and Presentations",https://www.renishaw.com/en/--21976,www.renishaw.com,Available,Company,Primary,,2026-08-11 00:00:00,presentation,8
51,Renishaw,Renishaw plc,Regulatory Disclosures,Regulatory News,https://www.renishaw.com/en/regulatory-news--21977,www.renishaw.com,Available,Company,Primary,,2026-08-11 00:00:00,official_page,20
52,Nexeon,Nexeon Ltd,Newsroom / Media,Media,https://www.nexeonglobal.com/media,www.nexeonglobal.com,Available,Company,Primary,,2026-08-11 00:00:00,newsroom,2
52,Nexeon,Nexeon Ltd,Newsroom / News,Latest News,https://www.nexeonglobal.com/media/latest-news,www.nexeonglobal.com,Available,Company,Primary,,2026-08-11 00:00:00,newsroom,2
53,Rio Tinto,Rio Tinto Group,Press Releases,Releases,https://www.riotinto.com/news/releases/,www.riotinto.com,Available,Company,Primary,,2026-08-11 00:00:00,press_release,0
53,Rio Tinto,Rio Tinto Group,Financial News,Financial News and Performance,https://www.riotinto.com/en/invest/financial-news-performance,www.riotinto.com,Available,Company,Primary,,2026-08-11 00:00:00,newsroom,2
53,Rio Tinto,Rio Tinto Group,Newsroom / News,News,https://www.riotinto.com/news,www.riotinto.com,Available,Company,Primary,,2026-08-11 00:00:00,newsroom,2
53,Rio Tinto,Rio Tinto Group,Investor Relations,Invest,https://www.riotinto.com/en/invest,www.riotinto.com,Available,Company,Primary,,2026-08-11 00:00:00,ir,4
53,Rio Tinto,Rio Tinto Group,Regulatory Filings / Exchange Announcements,Exchange Releases,https://www.riotinto.com/invest/exchange-releases,www.riotinto.com,Available,Company,Primary,,2026-08-11 00:00:00,filing,6
53,Rio Tinto,Rio Tinto Group,Annual Reports,Annual Report,https://www.riotinto.com/invest/reports/annual-report,www.riotinto.com,Available,Company,Primary,,2026-08-11 00:00:00,financial_report,10
53,Rio Tinto,Rio Tinto Group,Financial Reports,Reports,https://www.riotinto.com/en/invest/reports,www.riotinto.com,Available,Company,Primary,,2026-08-11 00:00:00,financial_report,10
54,HyproMag,HyProMag Ltd,Newsroom / News,HyProMag News,https://hypromag.com/news/,hypromag.com,Available,Company,Primary,,2026-08-11 00:00:00,newsroom,2
54,HyproMag,HyProMag Ltd,Company Website,HyProMag,https://hypromag.com/,hypromag.com,Available,Company,Primary,,2026-08-11 00:00:00,official_page,20
54,HyproMag,HyProMag Ltd,Corporate Information,About HyProMag,https://hypromag.com/about/,hypromag.com,Available,Company,Primary,,2026-08-11 00:00:00,official_page,20
54,HyproMag,Mkango Resources Ltd.,News Archive,Mkango 2026 News,https://mkango.ca/news/2026,mkango.ca,Available,Parent / shareholder (supplemental),Supplemental,Year-specific parent/shareholder news archive relevant to HyProMag.,2026-08-11 00:00:00,newsroom,42
54,HyproMag,Mkango Resources Ltd.,Newsroom / Regulatory News,Mkango News,https://mkango.ca/news/,mkango.ca,Available,Parent / shareholder (supplemental),Supplemental,Parent/shareholder disclosure stream relevant to HyProMag.,2026-08-11 00:00:00,newsroom,42
55,EVG,EV Group (EVG),Newsroom / News,Press Center / News,https://www.evgroup.com/company/news,www.evgroup.com,Available,Company,Primary,,2026-08-11 00:00:00,newsroom,2
56,Plansee,Plansee Group,Press Releases / Stories,Press & Stories,https://plansee-group.com/en/news-media/press-stories,plansee-group.com,Available,Company,Primary,,2026-08-11 00:00:00,press_release,0
56,Plansee,Plansee Group,Newsroom / Media,News & Media,https://plansee-group.com/en/news-media,plansee-group.com,Available,Company,Primary,,2026-08-11 00:00:00,newsroom,2
57,Texcell,Texcell,Newsroom / News,Actualités / News,https://texcell.com/actualites/,texcell.com,Available,Company,Primary,,2026-08-11 00:00:00,newsroom,2
57,Texcell,Texcell,Company Website,Texcell,https://texcell.com/,texcell.com,Available,Company,Primary,,2026-08-11 00:00:00,official_page,20
58,Veolia,Veolia Environnement S.A.,Financial Press Releases,Financial Press Releases,https://www.veolia.com/en/veolia-group/finance/press-releases,www.veolia.com,Available,Company,Primary,,2026-08-11 00:00:00,press_release,0
58,Veolia,Veolia Environnement S.A.,Press Releases,Press Releases,https://www.veolia.com/en/newsroom/press-releases,www.veolia.com,Available,Company,Primary,,2026-08-11 00:00:00,press_release,0
58,Veolia,Veolia Environnement S.A.,Investor Relations,Finance,https://www.veolia.com/en/veolia-group/finance,www.veolia.com,Available,Company,Primary,,2026-08-11 00:00:00,ir,4
58,Veolia,Veolia Environnement S.A.,Financial Reports,Financial Publications,https://www.veolia.com/en/veolia-group/finance/analysts-and-investors/financial-publications,www.veolia.com,Available,Company,Primary,,2026-08-11 00:00:00,financial_report,10
58,Veolia,Veolia Environnement S.A.,Financial Information,Financial Information,https://www.veolia.com/en/veolia-group/finance/financial-information,www.veolia.com,Available,Company,Primary,,2026-08-11 00:00:00,official_page,20
58,Veolia,Veolia Environnement S.A.,Regulatory Disclosures,Regulated Information,https://www.veolia.com/en/veolia-group/finance/regulated-information,www.veolia.com,Available,Company,Primary,,2026-08-11 00:00:00,official_page,20
59,Airbus,Airbus SE,Newsroom / News,Newsroom,https://www.airbus.com/en/newsroom,www.airbus.com,Available,Company,Primary,,2026-08-11 00:00:00,newsroom,2
59,Airbus,Airbus SE,Investor Relations,Investors,https://www.airbus.com/en/investors,www.airbus.com,Available,Company,Primary,,2026-08-11 00:00:00,ir,4
59,Airbus,Airbus SE,Annual Reports,Annual Reports,https://www.airbus.com/en/investors/annual-reports,www.airbus.com,Available,Company,Primary,,2026-08-11 00:00:00,financial_report,10
59,Airbus,Airbus SE,Financial Reports / Results,Financial Results,https://www.airbus.com/en/investors/financial-results,www.airbus.com,Available,Company,Primary,,2026-08-11 00:00:00,financial_report,10
60,Safran,Safran SA,Newsroom / Press,Pressroom,https://www.safran-group.com/pressroom,www.safran-group.com,Available,Company,Primary,,2026-08-11 00:00:00,press_release,0
60,Safran,Safran SA,Newsroom / News,News,https://www.safran-group.com/news,www.safran-group.com,Available,Company,Primary,,2026-08-11 00:00:00,newsroom,2
60,Safran,Safran SA,Investor Relations,Analysts and Investors,https://www.safran-group.com/finance/analysts-and-investors,www.safran-group.com,Available,Company,Primary,,2026-08-11 00:00:00,ir,4
60,Safran,Safran SA,Financial Reports / Results,Publications and Results,https://www.safran-group.com/finance/publications-results,www.safran-group.com,Available,Company,Primary,,2026-08-11 00:00:00,financial_report,10
60,Safran,Safran SA,Regulatory Disclosures,Regulated Information,https://www.safran-group.com/finance/regulated-information,www.safran-group.com,Available,Company,Primary,,2026-08-11 00:00:00,official_page,20
61,Air Liquide,L'Air Liquide S.A.,Press Releases / News,Press Releases & News,https://www.airliquide.com/group/press-releases-news,www.airliquide.com,Available,Company,Primary,,2026-08-11 00:00:00,press_release,0
61,Air Liquide,L'Air Liquide S.A.,Investor Relations,Investors,https://www.airliquide.com/investors,www.airliquide.com,Available,Company,Primary,,2026-08-11 00:00:00,ir,4
61,Air Liquide,L'Air Liquide S.A.,Financial Reports / Presentations,Documents & Presentations,https://www.airliquide.com/investors/documents-presentations,www.airliquide.com,Available,Company,Primary,,2026-08-11 00:00:00,presentation,8
61,Air Liquide,L'Air Liquide S.A.,Regulatory Disclosures,Regulated Information,https://www.airliquide.com/investors/regulated-information,www.airliquide.com,Available,Company,Primary,,2026-08-11 00:00:00,official_page,20
62,Arkema,Arkema S.A.,Financial News,Financial News,https://www.arkema.com/global/en/investor-relations/news/,www.arkema.com,Available,Company,Primary,,2026-08-11 00:00:00,newsroom,2
62,Arkema,Arkema S.A.,Newsroom / News,Newsroom,https://www.arkema.com/global/en/media/newsroom/,www.arkema.com,Available,Company,Primary,,2026-08-11 00:00:00,newsroom,2
62,Arkema,Arkema S.A.,Investor Relations,Investor Relations,https://www.arkema.com/global/en/investor-relations/,www.arkema.com,Available,Company,Primary,,2026-08-11 00:00:00,ir,4
62,Arkema,Arkema S.A.,Annual / Registration Reports,Universal Registration Document,https://www.arkema.com/global/en/investor-relations/financials/universal-registration-document/,www.arkema.com,Available,Company,Primary,,2026-08-11 00:00:00,financial_report,10
62,Arkema,Arkema S.A.,Regulatory Disclosures,Regulated Information,https://www.arkema.com/global/en/investor-relations/regulated-information/,www.arkema.com,Available,Company,Primary,,2026-08-11 00:00:00,official_page,20
63,DNP,"Dai Nippon Printing Co., Ltd. (DNP)",Newsroom / News,Corporate News,https://www.dnp.co.jp/news/,www.dnp.co.jp,Available,Company,Primary,Japanese corporate news index; crawl categories/date fields as available.,2026-08-11 00:00:00,newsroom,2
63,DNP,"Dai Nippon Printing Co., Ltd. (DNP)",Investor Relations,Investor Relations,https://www.dnp.co.jp/en/ir/,www.dnp.co.jp,Available,Company,Primary,,2026-08-11 00:00:00,ir,4
63,DNP,"Dai Nippon Printing Co., Ltd. (DNP)",Regulatory Filings,Securities Reports,https://www.dnp.co.jp/ir/library/report/,www.dnp.co.jp,Available,Company,Primary,,2026-08-11 00:00:00,filing,6
63,DNP,"Dai Nippon Printing Co., Ltd. (DNP)",Financial Reports / IR Library,IR Library,https://www.dnp.co.jp/ir/library/?lang=en,www.dnp.co.jp,Available,Company,Primary,,2026-08-11 00:00:00,financial_report,10
64,Hitachi Metals,"Proterial, Ltd. (formerly Hitachi Metals, Ltd.)",Press Releases,Proterial Press,https://www.proterial.com/e/press/,www.proterial.com,Available,Company,Primary,,2026-08-11 00:00:00,press_release,0
64,Hitachi Metals,"Proterial, Ltd. (formerly Hitachi Metals, Ltd.)",Press Releases,Proterial 2026 Press Releases,https://www.proterial.com/e/press/2026/,www.proterial.com,Available,Company,Primary,Current company name is Proterial; PDF uses former name Hitachi Metals.,2026-08-11 00:00:00,press_release,0
64,Hitachi Metals,"Proterial, Ltd. (formerly Hitachi Metals, Ltd.)",Historical Financial Results,Financial Results Archive,https://www.proterial.com/e/corp/highlight/ir_library/ir-prsen.html,www.proterial.com,Available,Company,Primary,Historical IR archive retained after delisting/name change.,2026-08-11 00:00:00,official_page,20
64,Hitachi Metals,"Proterial, Ltd. (formerly Hitachi Metals, Ltd.)",Historical Financial Statements,IFRS Financial Statements Archive,https://www.proterial.com/e/corp/highlight/ir_library/ifrs.html,www.proterial.com,Available,Company,Primary,Historical IR archive retained after delisting/name change.,2026-08-11 00:00:00,official_page,20
64,Hitachi Metals,"Proterial, Ltd. (formerly Hitachi Metals, Ltd.)",Investor / Financial Information,Financial Information,https://www.proterial.com/e/corp/highlight/,www.proterial.com,Available,Company,Primary,,2026-08-11 00:00:00,official_page,20
65,Toppan Holdings,TOPPAN Holdings Inc.,Newsroom / News,Newsroom,https://www.holdings.toppan.com/en/news/,www.holdings.toppan.com,Available,Company,Primary,,2026-08-11 00:00:00,newsroom,2
65,Toppan Holdings,TOPPAN Holdings Inc.,Investor Relations,Investor Relations,https://www.holdings.toppan.com/en/ir/,www.holdings.toppan.com,Available,Company,Primary,,2026-08-11 00:00:00,ir,4
65,Toppan Holdings,TOPPAN Holdings Inc.,Financial Reports / IR Library,IR Library,https://www.holdings.toppan.com/en/ir/material/,www.holdings.toppan.com,Available,Company,Primary,,2026-08-11 00:00:00,financial_report,10
65,Toppan Holdings,TOPPAN Holdings Inc.,Disclosure Policy,Disclosure Policy,https://www.holdings.toppan.com/en/ir/governance/disclosure.html,www.holdings.toppan.com,Available,Company,Primary,,2026-08-11 00:00:00,official_page,20
65,Toppan Holdings,TOPPAN Holdings Inc.,Financial Results,Results,https://www.holdings.toppan.com/en/ir/material/closing.html,www.holdings.toppan.com,Available,Company,Primary,,2026-08-11 00:00:00,official_page,20
65,Toppan Holdings,TOPPAN Holdings Inc.,Financial Statements,Financial Statements,https://www.holdings.toppan.com/en/ir/financial/statements.html,www.holdings.toppan.com,Available,Company,Primary,,2026-08-11 00:00:00,official_page,20
66,Nabtesco,Nabtesco Corporation,Investor News / Timely Disclosures,IR-filtered News,https://www.nabtesco.com/en/news/?category%5B%5D=cat_ir_all,www.nabtesco.com,Available,Company,Primary,,2026-08-11 00:00:00,newsroom,2
66,Nabtesco,Nabtesco Corporation,Newsroom / News,News,https://www.nabtesco.com/en/news/,www.nabtesco.com,Available,Company,Primary,,2026-08-11 00:00:00,newsroom,2
66,Nabtesco,Nabtesco Corporation,Investor Relations,Investor Relations,https://www.nabtesco.com/en/about/ir/,www.nabtesco.com,Available,Company,Primary,,2026-08-11 00:00:00,ir,4
67,Asahi Glass,"AGC Inc. (formerly Asahi Glass Co., Ltd.)",Newsroom / News,News,https://www.agc.com/en/news/,www.agc.com,Available,Company,Primary,Current company name AGC Inc.; PDF uses former name Asahi Glass.,2026-08-11 00:00:00,newsroom,2
67,Asahi Glass,"AGC Inc. (formerly Asahi Glass Co., Ltd.)",Investor Relations,Investor Relations,https://www.agc.com/en/ir/,www.agc.com,Available,Company,Primary,,2026-08-11 00:00:00,ir,4
67,Asahi Glass,"AGC Inc. (formerly Asahi Glass Co., Ltd.)",Financial Reports / IR Library,IR Library,https://www.agc.com/en/ir/library/index.html,www.agc.com,Available,Company,Primary,,2026-08-11 00:00:00,financial_report,10
67,Asahi Glass,"AGC Inc. (formerly Asahi Glass Co., Ltd.)",Financial Results,Financial Results,https://www.agc.com/en/ir/library/result/index.html,www.agc.com,Available,Company,Primary,,2026-08-11 00:00:00,official_page,20
67,Asahi Glass,"AGC Inc. (formerly Asahi Glass Co., Ltd.)",Financial Review,Financial Review,https://www.agc.com/en/ir/library/financial/,www.agc.com,Available,Company,Primary,,2026-08-11 00:00:00,official_page,20
68,JSR,JSR Corporation,Investor / Financial News,Financial News,https://www.jsr.co.jp/jsr_e/ir/ir_news.html,www.jsr.co.jp,Available,Company,Primary,,2026-08-11 00:00:00,newsroom,2
68,JSR,JSR Corporation,Newsroom / News,2026 News,https://www.jsr.co.jp/jsr_e/news/2026/,www.jsr.co.jp,Available,Company,Primary,,2026-08-11 00:00:00,newsroom,2
68,JSR,JSR Corporation,Investor Relations,Investor Relations,https://www.jsr.co.jp/jsr_e/ir/,www.jsr.co.jp,Available,Company,Primary,Corporate IR archive/current financial information landing retained after delisting.,2026-08-11 00:00:00,ir,4
69,Shin-Etsu Chemicals,"Shin-Etsu Chemical Co., Ltd.",Press Releases,News Releases,https://www.shinetsu.co.jp/en/category/news/news-release/,www.shinetsu.co.jp,Available,Company,Primary,,2026-08-11 00:00:00,press_release,0
69,Shin-Etsu Chemicals,"Shin-Etsu Chemical Co., Ltd.",Investor Relations,Investor Relations,https://www.shinetsu.co.jp/en/ir/,www.shinetsu.co.jp,Available,Company,Primary,,2026-08-11 00:00:00,ir,4
69,Shin-Etsu Chemicals,"Shin-Etsu Chemical Co., Ltd.",Financial Briefings,Financial Summary / Briefing,https://www.shinetsu.co.jp/en/ir/ir-data/ir-briefing/,www.shinetsu.co.jp,Available,Company,Primary,,2026-08-11 00:00:00,official_page,20
69,Shin-Etsu Chemicals,"Shin-Etsu Chemical Co., Ltd.",Financial Data / Results,Financial Data,https://www.shinetsu.co.jp/en/ir/ir-data/ir-results/,www.shinetsu.co.jp,Available,Company,Primary,,2026-08-11 00:00:00,official_page,20
70,Tokyo Electron,Tokyo Electron Ltd.,Newsroom / News,News,https://www.tel.com/news/,www.tel.com,Available,Company,Primary,,2026-08-11 00:00:00,newsroom,2
70,Tokyo Electron,Tokyo Electron Ltd.,Investor Relations,Investor Relations,https://www.tel.com/ir/,www.tel.com,Available,Company,Primary,,2026-08-11 00:00:00,ir,4
70,Tokyo Electron,Tokyo Electron Ltd.,Financial Reports / Earnings,Earnings Release,https://www.tel.com/ir/library/report/,www.tel.com,Available,Company,Primary,,2026-08-11 00:00:00,financial_report,10
70,Tokyo Electron,Tokyo Electron Ltd.,Investor Calendar,IR Calendar,https://www.tel.com/ir/calendar/,www.tel.com,Available,Company,Primary,,2026-08-11 00:00:00,official_page,20
71,Tosoh,Tosoh Corporation,Press Releases,News Releases,https://www.tosoh.co.jp/news/release/,www.tosoh.co.jp,Available,Company,Primary,,2026-08-11 00:00:00,press_release,0
71,Tosoh,Tosoh Corporation,Investor News,IR News,https://www.tosoh.co.jp/ir/news/,www.tosoh.co.jp,Available,Company,Primary,,2026-08-11 00:00:00,newsroom,2
71,Tosoh,Tosoh Corporation,Newsroom / News,News,https://www.tosoh.co.jp/news/,www.tosoh.co.jp,Available,Company,Primary,,2026-08-11 00:00:00,newsroom,2
71,Tosoh,Tosoh Corporation,Investor Relations,Investor Relations,https://www.tosoh.co.jp/ir/,www.tosoh.co.jp,Available,Company,Primary,,2026-08-11 00:00:00,ir,4
71,Tosoh,Tosoh Corporation,Regulatory Filings / IR Library,IR Library,https://www.tosoh.co.jp/ir/library/,www.tosoh.co.jp,Available,Company,Primary,Official Japanese IR library; includes securities-report/financial materials categories.,2026-08-11 00:00:00,filing,6
72,Mitsubishi Chemical,Mitsubishi Chemical Group Corporation,Press Releases,News Releases,https://www.mcgc.com/english/news_release/,www.mcgc.com,Available,Company,Primary,,2026-08-11 00:00:00,press_release,0
72,Mitsubishi Chemical,Mitsubishi Chemical Group Corporation,Investor News,IR News,https://www.mcgc.com/english/ir/topics/index.html,www.mcgc.com,Available,Company,Primary,,2026-08-11 00:00:00,newsroom,2
72,Mitsubishi Chemical,Mitsubishi Chemical Group Corporation,Investor Relations,Investor Relations,https://www.mcgc.com/english/ir/,www.mcgc.com,Available,Company,Primary,,2026-08-11 00:00:00,ir,4
72,Mitsubishi Chemical,Mitsubishi Chemical Group Corporation,Regulatory Filings / TSE Disclosures,TSE Filings,https://www.mcgc.com/english/ir/indication_info/index.html,www.mcgc.com,Available,Company,Primary,,2026-08-11 00:00:00,filing,6
72,Mitsubishi Chemical,Mitsubishi Chemical Group Corporation,Financial Reports / IR Library,IR Library,https://www.mcgc.com/english/ir/library/index.html,www.mcgc.com,Available,Company,Primary,,2026-08-11 00:00:00,financial_report,10
73,Sumitomo Chemical,"Sumitomo Chemical Co., Ltd.",Press Releases,News Releases Filter,https://www.sumitomo-chem.co.jp/english/news/category/newsreleases/,www.sumitomo-chem.co.jp,Available,Company,Primary,,2026-08-11 00:00:00,press_release,0
73,Sumitomo Chemical,"Sumitomo Chemical Co., Ltd.",Investor News,IR News,https://www.sumitomo-chem.co.jp/english/ir/news/,www.sumitomo-chem.co.jp,Available,Company,Primary,,2026-08-11 00:00:00,newsroom,2
73,Sumitomo Chemical,"Sumitomo Chemical Co., Ltd.",Investor News,IR News Filter,https://www.sumitomo-chem.co.jp/english/news/category/ir/,www.sumitomo-chem.co.jp,Available,Company,Primary,,2026-08-11 00:00:00,newsroom,2
73,Sumitomo Chemical,"Sumitomo Chemical Co., Ltd.",Newsroom / News,News Releases,https://www.sumitomo-chem.co.jp/english/news/,www.sumitomo-chem.co.jp,Available,Company,Primary,,2026-08-11 00:00:00,newsroom,2
73,Sumitomo Chemical,"Sumitomo Chemical Co., Ltd.",Investor Relations,Investor Relations,https://www.sumitomo-chem.co.jp/english/ir/,www.sumitomo-chem.co.jp,Available,Company,Primary,,2026-08-11 00:00:00,ir,4
73,Sumitomo Chemical,"Sumitomo Chemical Co., Ltd.",Financial Results,Financial Results,https://www.sumitomo-chem.co.jp/english/ir/library/financial_results/,www.sumitomo-chem.co.jp,Available,Company,Primary,,2026-08-11 00:00:00,official_page,20
74,Asahi Kasei,Asahi Kasei Corporation,News Archive,2026 News,https://www.asahi-kasei.com/news/2026,www.asahi-kasei.com,Available,Company,Primary,,2026-08-11 00:00:00,newsroom,2
74,Asahi Kasei,Asahi Kasei Corporation,Newsroom / News,News,https://www.asahi-kasei.com/news/,www.asahi-kasei.com,Available,Company,Primary,,2026-08-11 00:00:00,newsroom,2
74,Asahi Kasei,Asahi Kasei Corporation,Investor Relations,Investor Relations,https://www.asahi-kasei.com/ir,www.asahi-kasei.com,Available,Company,Primary,,2026-08-11 00:00:00,ir,4
74,Asahi Kasei,Asahi Kasei Corporation,Financial Reports / IR Library,IR Library,https://www.asahi-kasei.com/ir/library,www.asahi-kasei.com,Available,Company,Primary,,2026-08-11 00:00:00,financial_report,10
74,Asahi Kasei,Asahi Kasei Corporation,Financial Results / Briefings,Financial Results and Briefings,https://www.asahi-kasei.com/ir/library/financial-briefing,www.asahi-kasei.com,Available,Company,Primary,,2026-08-11 00:00:00,official_page,20
75,Toray,"Toray Industries, Inc.",Newsroom / News,Newsroom,https://www.toray.com/news/,www.toray.com,Available,Company,Primary,Official newsroom supports press-release and IR-news categorization/filtering.,2026-08-11 00:00:00,newsroom,2
75,Toray,"Toray Industries, Inc.",Investor Relations,Investor Relations,https://www.toray.com/ir/,www.toray.com,Available,Company,Primary,,2026-08-11 00:00:00,ir,4
75,Toray,"Toray Industries, Inc.",Annual Reports,Annual Reports,https://www.toray.com/ir/annual_reports/,www.toray.com,Available,Company,Primary,,2026-08-11 00:00:00,financial_report,10
75,Toray,"Toray Industries, Inc.",Financial Reports / IR Library,IR Library,https://www.toray.com/ir/library/,www.toray.com,Available,Company,Primary,,2026-08-11 00:00:00,financial_report,10
75,Toray,"Toray Industries, Inc.",Financial Results,Financial Results,https://www.toray.com/ir/library/lib_001.html,www.toray.com,Available,Company,Primary,,2026-08-11 00:00:00,official_page,20
76,Cheng Uei Precision,"Cheng Uei Precision Industry Co., Ltd. (Foxlink)",Company Website,Foxlink Official Website,http://www.foxlink.com,www.foxlink.com,Available,Company,Primary,Official website address confirmed through Taiwan Depository & Clearing Corporation IR Platform.,2026-08-11 00:00:00,official_page,20
76,Cheng Uei Precision,"Cheng Uei Precision Industry Co., Ltd. (Foxlink)",IR Contact / Market Infrastructure,Taiwan TDCC IR Platform - Company/IR Contact,https://irplatform.tdcc.com.tw/ir/en/contact/detail/1F5501BC-D439-41AC-8403-2684AA0222BB,irplatform.tdcc.com.tw,Available,External official market infrastructure (supplemental),Supplemental,Official Taiwan market infrastructure source; useful as fallback for issuer website/IR contact discovery.,2026-08-11 00:00:00,official_page,60
77,Shanghai Electric Wind Power,"Shanghai Electric Wind Power Group Co., Ltd.",Investor Relations / Company Profile,Company Information,https://www.shanghai-electric.com/listed/dqfdjt/tzzgx/gsxx/,www.shanghai-electric.com,Available,Company,Primary,Company-specific IR subsection on Shanghai Electric official site.,2026-08-11 00:00:00,ir,4
77,Shanghai Electric Wind Power,"Shanghai Electric Wind Power Group Co., Ltd.",Investor Relations Contact,Investor Relations Contact,https://www.shanghai-electric.com/listed/dqfdjt/tzzgx/tzzgxllfs/,www.shanghai-electric.com,Available,Company,Primary,,2026-08-11 00:00:00,ir,4
77,Shanghai Electric Wind Power,"Shanghai Electric Wind Power Group Co., Ltd.",Regulatory Filings / Announcements,Announcements and Circulars,https://www.shanghai-electric.com/listed/dqfdjt/tzzgx/ggyth/,www.shanghai-electric.com,Available,Company,Primary,Company-specific official announcement/disclosure index.,2026-08-11 00:00:00,filing,6
77,Shanghai Electric Wind Power,"Shanghai Electric Wind Power Group Co., Ltd.",Company Website,Shanghai Electric Wind Power Official Website,https://www.sewpg.com/,www.sewpg.com,Available,Company,Primary,"Official company site; if automated fetch is blocked, use the company-specific Shanghai Electric IR/announcement pages below as crawler fallback.",2026-08-11 00:00:00,official_page,20
77,Shanghai Electric Wind Power,"Shanghai Electric Wind Power Group Co., Ltd.",Corporate Profile,Shanghai Electric Wind Power Group Profile,https://www.shanghai-electric.com/listed_en/windpower/,www.shanghai-electric.com,Available,Company,Primary,,2026-08-11 00:00:00,official_page,20
