target_no,company,industry,target_technology,technology_relevance_score,technology_matched_terms,investment_signal_no,investment_signal_label,investment_signal_description,title,url,source,source_type,published_at,collected_at,matched_terms,matched_fields,evidence_snippets,investment_signal_score,investment_signal_reason
54,HyproMag,철강금속,사용후 영구자석 고순도 희토류 추출,9,NdFeB; rare earth; magnet recycling; neodymium; dysprosium; NdFeB magnet,1,공급망·지정학 리스크 대응,특정지역 의존도 축소·공급망 다변화·규제 리스크 대응 등,Welcome to Mkango Resources Ltd.,https://mkango.ca/news/hypromag-usa-to-establish-early-magnet-finishing-capability-as-part-of-phased-texas-hub-development/,HyproMag - Mkango 2026 News / News Archive RSS,official,2026-07-27T05:00:08Z,2026-08-13T05:37:08Z,supply chain; supply-chain; geopolitical; export control; export controls; tariff; regulatory risk; trade restriction,content,". About HyProMag USA HyProMag USA is developing advanced rare earth magnet recycling and manufacturing operations to establish a secure domestic U.S. supply chain for NdFeB magnets, which are critical components in AI infrastructure, robotics, electric vehicles, wind turbines and advanced electronics. Leveraging the revolutionary HPMS technology developed over 15 years with over; ariffs or the availability of critical equipment, technology or inputs; and that there are no material adverse changes in general economic, market or geopolitical conditions. Although the Company considers these factors and assumptions to be reasonable based on information currently available to it, they may prove to be incorrect, and actual results may differ materially from tho; ined on acceptable terms; that applicable permits and regulatory approvals are obtained and maintained; that there are no material adverse changes in export controls, trade measures, tariffs or the availability of critical equipment, technology or inputs; and that there are no material adverse changes in general economic, market or geopolitical conditions. Although the Company cons",11,"공급망·지정학 리스크 대응 관련 표현이 content에서 발견되었습니다: supply chain, supply-chain, geopolitical, export control, export controls, tariff, regulatory risk, trade restriction"
28,ASML,반도체,EUV 노광장비,6,EUV; lithography; semiconductor equipment,1,공급망·지정학 리스크 대응,특정지역 의존도 축소·공급망 다변화·규제 리스크 대응 등,"July 15, 2026 ASML reports €9.3 billion total net sales and €2.9 billion net income in Q2 2026",https://www.asml.com/en/news/press-releases/2026/q2-2026-financial-results,ASML - ASML News / Newsroom / News,official,2026-07-15T00:00:00Z,2026-08-13T05:37:08Z,supply chain; supply-chain; geopolitical; export control; export controls; tariff,content,"of and demand for new technologies, products and models and customer roadmaps, our production capacity and ability to adjust capacity to meet demand, supply chain capacity, timely availability of parts and components, raw materials, critical manufacturing equipment and qualified employees, our ability to produce systems to meet demand, the number and timing of systems ordered, sh; rends and consumer confidence in the semiconductor industry, the impact of general economic conditions, including the impact of the macroeconomic and geopolitical environment on the semiconductor industry, semiconductor market conditions, the impact of AI on our customers, the pace of customer increase in capacity, industry and business and semiconductor demand and demand for our; ation of our backlog, the risk of order cancellations, delays or push outs and restrictions on shipments of systems, including ordered systems, under export controls, risks relating to the trade environment, import/export and national security regulations and orders and their impact on us, including the impact of changes in export regulations and the impact of such regulations on o",9,"공급망·지정학 리스크 대응 관련 표현이 content에서 발견되었습니다: supply chain, supply-chain, geopolitical, export control, export controls, tariff"
21,GE Healthcare,바이오,바이오의약품 생산용 배양 및 정제 시스템,3,resin,1,공급망·지정학 리스크 대응,특정지역 의존도 축소·공급망 다변화·규제 리스크 대응 등,GE HealthCare announces CFO transition; reports preliminary second quarter 2026 financial results and reaffirms guidance reflecting business momentum,https://investor.gehealthcare.com/news-releases/news-release-details/ge-healthcare-announces-cfo-transition-reports-preliminary,GE Healthcare - Investor News Releases / Investor News / Press Releases,official,2026-07-23T00:00:00Z,2026-08-13T05:37:08Z,supply chain; supply-chain; geopolitical; tariff; trade restriction,content,"mpact of tariffs and other trade restrictions, and volatility on the Company’s business, operations, financial results, and financial position and on supply chains and the world economy. These forward-looking statements involve risks and uncertainties, many of which are beyond the Company’s control. Factors that could cause the Company’s actual results to differ materially from t; er materially from those described in its forward-looking statements include, but are not limited to, operating in highly competitive markets; global geopolitical and economic instability, including as a result of changes in trade and tariff policy, and international conflicts and tensions, including between Ukraine and Russia, in the Middle East, and in other regions; public hea; share, and the Company’s outlook; momentum in the Company’s business; and the impacts of macroeconomic and market conditions, including the impact of tariffs and other trade restrictions, and volatility on the Company’s business, operations, financial results, and financial position and on supply chains and the world economy. These forward-looking statements involve risks a",8,"공급망·지정학 리스크 대응 관련 표현이 content에서 발견되었습니다: supply chain, supply-chain, geopolitical, tariff, trade restriction"
24,Ouster,로봇,로봇용 라이다,4,LiDAR; lidar,1,공급망·지정학 리스크 대응,특정지역 의존도 축소·공급망 다변화·규제 리스크 대응 등,Ouster Announces Results for Second Quarter 2026,https://investors.ouster.com/news-releases/news-release-details/ouster-announces-results-second-quarter-2026,Ouster - News Releases / Press Releases,official,2026-08-06T00:00:00Z,2026-08-13T05:37:08Z,supply chain; supply-chain; tariff; regulatory risk,content,"ty to use tax attributes; Ouster’s dependence on key third party suppliers, in particular Benchmark Electronics, Inc., Fabrinet, and other suppliers; supply chain constraints and challenges; conditions in the industries the Company targets or the global economy; Ouster’s ability to recruit and retain key personnel; its ability to complete, successfully integrate or achieve the an; ully integrate or achieve the anticipated benefits of new acquisitions or investments, including the Stereolabs acquisition; changes to trade policy, tariffs, and import/export regulations may have a material adverse effect on Ouster’s business, financial condition and results of operations; risks related to the use of AI tools by us and others, including risks related to c; ta regulations, product performance, and data privacy; Ouster’s ability to adequately protect and enforce its intellectual property rights; legal and regulatory risks; risks related to operating as a public company; and other important factors discussed in the Company’s Annual Report on Form 10-K for the year ended December 31, 2025 , and updated by the Company’s Quarterly Report on",7,"공급망·지정학 리스크 대응 관련 표현이 content에서 발견되었습니다: supply chain, supply-chain, tariff, regulatory risk"
16,Amkor Technology,반도체,반도체 후공정용 고성능 방열소재,0,,1,공급망·지정학 리스크 대응,특정지역 의존도 축소·공급망 다변화·규제 리스크 대응 등,Amkor Technology Reports Financial Results for the Second Quarter 2026,https://ir.amkor.com/news-releases/news-release-details/amkor-technology-reports-financial-results-second-quarter-2026,Amkor Technology - Investor Press Releases / Press Releases,official,2026-07-27T00:00:00Z,2026-08-13T05:37:08Z,export control; export controls; tariff; trade restriction,content,"ence on international factories and operations, and risks relating to trade restrictions and regional conflict, including restrictive trade barriers, export controls, tariffs, customs and duties; our ability to develop new proprietary technology, protect our proprietary technology, operate without infringing the proprietary rights of others and implement new technologies; our conti; ence on international factories and operations, and risks relating to trade restrictions and regional conflict, including restrictive trade barriers, export controls, tariffs, customs and duties; our ability to develop new proprietary technology, protect our proprietary technology, operate without infringing the proprietary rights of others and implement new technologies; our contin; onal factories and operations, and risks relating to trade restrictions and regional conflict, including restrictive trade barriers, export controls, tariffs, customs and duties; our ability to develop new proprietary technology, protect our proprietary technology, operate without infringing the proprietary rights of others and implement new technologies; our continuing dev",7,"공급망·지정학 리스크 대응 관련 표현이 content에서 발견되었습니다: export control, export controls, tariff, trade restriction"
23,3M,화학소재,이온교환막 및 바이폴라 이온교환막,0,,1,공급망·지정학 리스크 대응,특정지역 의존도 축소·공급망 다변화·규제 리스크 대응 등,3M Reports Second-Quarter 2026 Results; Increases Full-Year Guidance,https://investors.3m.com/news-events/press-releases/detail/1938/3m-reports-second-quarter-2026-results-increases-full-year,3M - IR Press Releases / Investor Press Releases RSS,official,2026-07-21T10:30:00Z,2026-08-13T05:37:08Z,supply chain; supply-chain; geopolitical; tariff,content,"(8) the availability and cost of purchased components, compounds, raw materials and energy due to shortages, increased demand and wages, tariffs, supply chain interruptions, or natural or other disasters, (9) unanticipated problems or delays when implementing new business systems and solutions, including with the phased implementation of a global enterprise resource planning sys; actual results to differ from the Company's forward-looking statements include:(1) worldwide economic, political, regulatory, international trade, geopolitical, tariffs, and retaliatory countermeasures, capital markets, and other external conditions, (2) foreign currency exchange rates and fluctuations in those rates, (3) liabilities and contingencies related to PFAS, including l; to differ from the Company's forward-looking statements include:(1) worldwide economic, political, regulatory, international trade, geopolitical, tariffs, and retaliatory countermeasures, capital markets, and other external conditions, (2) foreign currency exchange rates and fluctuations in those rates, (3) liabilities and contingencies related to PFAS, including liabiliti",7,"공급망·지정학 리스크 대응 관련 표현이 content에서 발견되었습니다: supply chain, supply-chain, geopolitical, tariff"
4,Charles River,바이오,바이러스 검증 및 MCB/WCB 특성분석,8,NGS; next-generation sequencing; next generation sequencing; gene therapy; PathoQuest,1,공급망·지정학 리스크 대응,특정지역 의존도 축소·공급망 다변화·규제 리스크 대응 등,Charles River Laboratories Announces Second-Quarter 2026 Results,https://ir.criver.com/news-releases/news-release-details/charles-river-laboratories-announces-second-quarter-2026-results,Charles River - News Releases / Press Releases,official,2026-08-05T00:00:00Z,2026-08-13T05:37:08Z,supply chain; supply-chain; geopolitical,content,"gal costs and adjustments related to an NHP inventory charge in our DSA segment related to now concluded U.S . government investigations into the NHP supply chain; legal and advisory costs related to entering into a Cooperation Agreement with a shareholder; tax effect of all of the aforementioned matters; and adjustments related to the derecognition of certain deferred tax assets; NHP supply constraints; changes and uncertainties in the global economy and financial markets, including disruptions in the global economy caused by geopolitical conflicts; the ability to successfully integrate businesses we acquire, and risks and uncertainties associated with businesses that we acquire; the timing and magnitude of our share repurchases; negative trends in resea",6,"공급망·지정학 리스크 대응 관련 표현이 content에서 발견되었습니다: supply chain, supply-chain, geopolitical"
62,Arkema,이차전지,폴리비닐리덴 플루오라이드(PVDF),3,PVDF,1,공급망·지정학 리스크 대응,특정지역 의존도 축소·공급망 다변화·규제 리스크 대응 등,Second-quarter 2026 results,https://www.arkema.com/global/en/media/newslist/news/global/investorrelations/2026/20260730--second-quarter-2026-results/,Arkema - Newsroom / Newsroom / News,official,2026-07-30T00:00:00Z,2026-08-13T05:37:08Z,supply chain; supply-chain; geopolitical,content,"ma delivered a solid second quarter in a challenging environment impacted by the crisis in the Middle East, rising raw material prices and widespread supply chain disruption. Arkema&rsquo;s teams once again demonstrated agility and commitment. We were particularly pleased with the significant improvement in Adhesives and Coatings as well as the better dynamics in HPP. This demons; Outlook The start of the second half follows the demand trend of recent months, within a macro environment that remains challenging and volatile with geopolitical uncertainties prevailing in the Middle East. The Group is firstly focusing on the elements that are within its control. It will continue to tightly manage its operations, with the aim of offsetting fixed cost inflation",6,"공급망·지정학 리스크 대응 관련 표현이 content에서 발견되었습니다: supply chain, supply-chain, geopolitical"
31,Norsk Hydro,철강금속,비철금속 소재 스크랩 활용률 극대화,5,scrap; recycling,1,공급망·지정학 리스크 대응,특정지역 의존도 축소·공급망 다변화·규제 리스크 대응 등,"Hydro and Mercedes-Benz shift gears to scale recycled and low-carbon aluminium in Europe Hydro and Mercedes-Benz are expanding their partnership to increase the use of recycled and low-carbon aluminium across Europe. This is supporting eff ... July 27, 2026",https://www.hydro.com/en/global/media/news/2026/hydro-and-mercedes-benz-shift-gears-to-scale-recycled-and-low-carbon-aluminium-in-europe/,Norsk Hydro - News / Newsroom / News,official,2026-07-27T00:00:00Z,2026-08-13T05:37:08Z,supply chain; supply-chain; localization,content,"y. At the same time, collecting, remaking and reusing aluminium scrap close to production creates shorter, more efficient and more resilient regional supply chains. “The next generation of automotive supply chains will be defined by higher levels of circularity, a lower-carbon footprint and a deeper level of localization to enhance resilience and quality. Together with Hydro, we; ins. “The next generation of automotive supply chains will be defined by higher levels of circularity, a lower-carbon footprint and a deeper level of localization to enhance resilience and quality. Together with Hydro, we are helping to shape that future,” says Yanni von Roy-Jiang, Head of Procurement & Supplier Management at Mercedes-Benz AG. Responsible sourcing across the valu",6,"공급망·지정학 리스크 대응 관련 표현이 content에서 발견되었습니다: supply chain, supply-chain, localization"
19,Skyworks,모빌리티,자율주행차 IMU/RF/베이스밴드 칩,3,RF,1,공급망·지정학 리스크 대응,특정지역 의존도 축소·공급망 다변화·규제 리스크 대응 등,Skyworks Delivers Solid Third Quarter Fiscal Year 2026 Results; Announces Key Steps Toward Qorvo Combination,https://investors.skyworksinc.com/news-releases/news-release-details/skyworks-delivers-solid-third-quarter-fiscal-year-2026-results,Skyworks - Press Releases / Press Releases,official,2026-07-28T00:00:00Z,2026-08-13T05:37:08Z,geopolitical; tariff,content,"on of significant customer orders and our ability, as well as the ability of our customers, to manage inventory; other economic, social, military and geopolitical conditions in the countries in which we, our customers or our suppliers operate, including the conflicts in Ukraine , Iran and other regions in the Middle East , possible disruptions in transportation networks, and fluc; difference include, but are not limited to: the risks of doing business internationally, including from trade war or trade protection measures (e.g., tariffs, retaliatory tariffs and other countermeasures or taxes), increased import/export restrictions and controls (e.g., our ability to obtain foreign-sourced raw materials, including from Chinese-based sources, as well as o",5,"공급망·지정학 리스크 대응 관련 표현이 content에서 발견되었습니다: geopolitical, tariff"
16,Amkor Technology,반도체,반도체 후공정용 고성능 방열소재,0,,1,공급망·지정학 리스크 대응,특정지역 의존도 축소·공급망 다변화·규제 리스크 대응 등,Amkor Technology Announces Strategic Partnership with NVIDIA to Expand Advanced Packaging and Test for Next-Generation AI Infrastructure,https://ir.amkor.com/news-releases/news-release-details/amkor-technology-announces-strategic-partnership-nvidia-expand,Amkor Technology - Investor Press Releases / Press Releases,official,2026-07-23T00:00:00Z,2026-08-13T05:37:08Z,supply chain; supply-chain,content,"ty in Arizona , complementing the company’s established manufacturing footprint across Asia , to create a geographically diverse and resilient global supply chain. “AI is driving a generational shift in technology, transforming every industry and creating a unique opportunity to reinvigorate American manufacturing and supply chains,” said Debora Shoquist , Executive Vice Presiden; ment to expanding full turnkey advanced packaging and test capabilities in the United States , strengthening domestic semiconductor manufacturing and supply-chain resilience for AI infrastructure. NVIDIA’s capacity agreement supports Amkor’s expansion of U.S . capacity in Arizona , complementing the company’s established manufacturing footprint across Asia , to create a geographi",5,"공급망·지정학 리스크 대응 관련 표현이 content에서 발견되었습니다: supply chain, supply-chain"
59,Airbus,우주항공,항공용 전기모터/고출력 배터리 추진 모듈,4,hybrid-electric,1,공급망·지정학 리스크 대응,특정지역 의존도 축소·공급망 다변화·규제 리스크 대응 등,Airbus elevates hybrid-electric integration with LEIA Project Press Release Innovation 22 July 2026 2 min read,https://www.airbus.com/en/newsroom/press-releases/2026-07-airbus-elevates-hybrid-electric-integration-with-leia-project,Airbus - Investors / Investor Relations,official,2026-07-22T00:00:00Z,2026-08-13T05:37:08Z,supply chain; supply-chain,content,"multiple Clean Aviation projects, which target electrification technologies for regional and short-to-medium range aircraft. By managing cross-border supply chain integration and rigorous technical requirements, Airbus continues to drive the transformation of the aviation industry toward a more electric future with the ultimate goal of reducing greenhouse gas emissions in aviatio",5,"공급망·지정학 리스크 대응 관련 표현이 content에서 발견되었습니다: supply chain, supply-chain"
5,Cytiva,바이오,바이오의약품 생산용 배양 및 정제 시스템,5,bioprocess; resin,1,공급망·지정학 리스크 대응,특정지역 의존도 축소·공급망 다변화·규제 리스크 대응 등,Danaher Reports Second Quarter 2026 Results Danaher Corporation (NYSE: DHR) today announced results for the second quarter 2026. All results in this release reflect only continuing operations and period-to-period comparisons are... 07.21.2026,https://investors.danaher.com/2026-07-21-Danaher-Reports-Second-Quarter-2026-Results,Cytiva - Danaher Press Releases / Press Releases,official,2026-07-21T00:00:00Z,2026-08-13T05:37:08Z,geopolitical; tariff,content,"r our products and services, labor matters and our ability to recruit, retain and motivate talented employees, U.S. and non-U.S. economic, political, geopolitical, legal, compliance, social and business factors (including the impact of elections, regulatory and policy changes or uncertainty, government shutdowns and military conflicts such as the conflict in the Middle East), dis; atements and you should not place undue reliance on any such forward-looking statements. These factors include, among other things: the impact of the tariffs and related actions implemented by the U.S. and other countries, the impact of our debt obligations (including debt we incurred to finance the acquisition of Masimo Corporation) on our operations and liquidity, deterio",5,"공급망·지정학 리스크 대응 관련 표현이 content에서 발견되었습니다: geopolitical, tariff"
23,3M,화학소재,이온교환막 및 바이폴라 이온교환막,0,,1,공급망·지정학 리스크 대응,특정지역 의존도 축소·공급망 다변화·규제 리스크 대응 등,3M and Microsoft announce strategic partnership to advance AI data center infrastructure and enterprise transformation,https://investors.3m.com/news-events/press-releases/detail/1937/3m-and-microsoft-announce-strategic-partnership-to-advance,3M - IR Press Releases / Investor Press Releases RSS,official,2026-07-15T13:01:00Z,2026-08-13T05:37:08Z,supply chain; supply-chain,content,"3M to build datacenters that are faster to deploy, more resilient and ready for the scale of AI,"" said Cliff Henson, corporate vice president, Cloud Supply Chain, Microsoft. ""3M's EBO solution will help unlock new levels of performance, reliability and efficiency to ensure customers can run their cloud and AI workloads on a trusted, sustainable and advanced environment."" &nbsp;",5,"공급망·지정학 리스크 대응 관련 표현이 content에서 발견되었습니다: supply chain, supply-chain"
23,3M,화학소재,이온교환막 및 바이폴라 이온교환막,0,,1,공급망·지정학 리스크 대응,특정지역 의존도 축소·공급망 다변화·규제 리스크 대응 등,Scotch™ Brand launches Scotch Kids® Tape for young creators,https://news.3m.com/2026-07-14-Scotch-TM-Brand-launches-Scotch-Kids-R-Tape-for-young-creators,3M - Corporate Press Releases / Press Releases RSS,official,2026-07-14T11:46:00Z,2026-08-13T05:37:08Z,supply chain; supply-chain,content,ulatory & Compliance Information Transport Information Search CPSIA Certification Search Lithium Battery UN 38.3 Test Summary Search Transparency in Supply Chains and Modern Slavery Disclosures US Ingredient Communication Help Help Center Site Map --> Legal | Privacy | HIPAA Privacy | DMCA | Accessibility Statement | Your Privacy Choices | Cookie Preferences © 3M 2026. All Rights,5,"공급망·지정학 리스크 대응 관련 표현이 content에서 발견되었습니다: supply chain, supply-chain"
23,3M,화학소재,이온교환막 및 바이폴라 이온교환막,0,,1,공급망·지정학 리스크 대응,특정지역 의존도 축소·공급망 다변화·규제 리스크 대응 등,3M Young Scientist Challenge Names 10 Finalists for 2026 National Competition,https://news.3m.com/2026-07-06-3M-Young-Scientist-Challenge-Names-10-Finalists-for-2026-National-Competition,3M - Corporate Press Releases / Press Releases RSS,official,2026-07-06T13:30:00Z,2026-08-13T05:37:08Z,supply chain; supply-chain,content,gulatory & Compliance Information Transport Information Search CPSIA Certification Search Lithium Battery UN 38.3 Test Summary Search Transparency in Supply Chains and Modern Slavery Disclosures US Ingredient Communication Help Help Center Site Map --> Legal | Privacy | HIPAA Privacy | DMCA | Accessibility Statement | Your Privacy Choices | Cookie Preferences © 3M 2026. All Right,5,"공급망·지정학 리스크 대응 관련 표현이 content에서 발견되었습니다: supply chain, supply-chain"
23,3M,화학소재,이온교환막 및 바이폴라 이온교환막,0,,1,공급망·지정학 리스크 대응,특정지역 의존도 축소·공급망 다변화·규제 리스크 대응 등,3M and Discovery Education announce 37 State Merit Winners and four Honorable Mentions in 2026 3M Young Scientist Challenge,https://news.3m.com/2026-07-01-3M-and-Discovery-Education-announce-37-State-Merit-Winners-and-four-Honorable-Mentions-in-2026-3M-Young-Scientist-Challenge,3M - Corporate Press Releases / Press Releases,official,2026-07-01T00:00:00Z,2026-08-13T05:37:08Z,supply chain; supply-chain,content,gulatory & Compliance Information Transport Information Search CPSIA Certification Search Lithium Battery UN 38.3 Test Summary Search Transparency in Supply Chains and Modern Slavery Disclosures US Ingredient Communication Help Help Center Site Map --> Legal | Privacy | HIPAA Privacy | DMCA | Accessibility Statement | Your Privacy Choices | Cookie Preferences © 3M 2026. All Right,5,"공급망·지정학 리스크 대응 관련 표현이 content에서 발견되었습니다: supply chain, supply-chain"
16,Amkor Technology,반도체,반도체 후공정용 고성능 방열소재,0,,1,공급망·지정학 리스크 대응,특정지역 의존도 축소·공급망 다변화·규제 리스크 대응 등,TSMC and Amkor Technology Announce Long Term Partnership to Accelerate Advanced Packaging in the United States,https://ir.amkor.com/news-releases/news-release-details/tsmc-and-amkor-technology-announce-long-term-partnership,Amkor Technology - Investor Press Releases / Press Releases,official,2026-06-16T00:00:00Z,2026-08-13T05:37:08Z,supply chain; supply-chain,content,"hip that will enhance advanced semiconductor packaging capabilities in Arizona , strengthening and accelerating investment in the U.S . semiconductor supply chain ecosystem. The agreement establishes a collaboration framework for TSMC to procure from Amkor advanced packaging and testing services. By working together as partners to expand capacity, the companies aim to enable a mo",5,"공급망·지정학 리스크 대응 관련 표현이 content에서 발견되었습니다: supply chain, supply-chain"
5,Cytiva,바이오,바이오의약품 생산용 배양 및 정제 시스템,5,biopharma; bioprocess,1,공급망·지정학 리스크 대응,특정지역 의존도 축소·공급망 다변화·규제 리스크 대응 등,News Article Top six takeaways from the 2026 Danaher Summit 06.15.26,https://www.danaher.com/top-six-takeaways-2026-danaher-summit-bioprocessing,Cytiva - Danaher Newsroom / Newsroom / News,official,2026-06-15T00:00:00Z,2026-08-13T05:37:08Z,supply chain; supply-chain,content,"ier commitments and shared performance targets as part of doing business. Far from being separate from operational strategy, this is part of building supply chains resilient enough to support long-term innovation at scale. Progress toward net-zero goals, Summit participants agreed, accelerates when sustainability is wired into commercial relationships rather than managed alongsid",5,"공급망·지정학 리스크 대응 관련 표현이 content에서 발견되었습니다: supply chain, supply-chain"
1,Australian Strategic Metals,철강금속,사용후 영구자석 고순도 희토류 추출,8,NdFeB; rare earth; permanent magnet; neodymium; dysprosium,1,공급망·지정학 리스크 대응,특정지역 의존도 축소·공급망 다변화·규제 리스크 대응 등,"ASM wins Resources, Minerals and Processing Award at Australia-Korea Business Awards 2026",https://asm-au.com/asm-wins-resources-minerals-and-processing-award-at-australia-korea-business-awards-2026/,Australian Strategic Metals - News / Newsroom / News,official,2026-04-01T05:45:49Z,2026-08-13T05:37:08Z,supply chain; supply-chain,content,"more diverse economic ties between the two countries. ASM’s win reflects the Company’s work in establishing a vertically integrated critical minerals supply chain spanning both countries – from resource development at the Dubbo Project in New South Wales through to metals production at the KMP in Chungcheongbuk-do Province. Since formally opening in May 2022, the KMP has continue",5,"공급망·지정학 리스크 대응 관련 표현이 content에서 발견되었습니다: supply chain, supply-chain"
27,Prodrive,모빌리티,자율주행차 카메라/이미지 신호처리,0,,1,공급망·지정학 리스크 대응,특정지역 의존도 축소·공급망 다변화·규제 리스크 대응 등,20-05-2026 | Press release Prodrive Technologies and Fortaegis Technologies sign strategic partnership agreement,https://prodrive-technologies.com/en/about-us/news/prodrive-technologies-and-fortaegis-technologies-sign-strategic-partnership-agreement/,Prodrive - Press-release Filter / Press Releases,official,,2026-08-13T05:37:08Z,supply chain; supply-chain,content,"latforms to scalable deployment. The collaboration will commence with Prodrive Technologies supporting areas such as engineering, system integration, supply chain management and advanced manufacturing. The companies will also explore joint customer engagement, market development and participation in relevant Dutch and European innovation programs. “ This partnership is an importa",5,"공급망·지정학 리스크 대응 관련 표현이 content에서 발견되었습니다: supply chain, supply-chain"
1,Australian Strategic Metals,철강금속,사용후 영구자석 고순도 희토류 추출,4,rare earth,1,공급망·지정학 리스크 대응,특정지역 의존도 축소·공급망 다변화·규제 리스크 대응 등,ASM News,https://asm-au.com/news/,Australian Strategic Metals - Investor Centre / Investor Relations,official,,2026-08-13T05:37:08Z,supply chain; supply-chain,content,"ical minerals joint declaration in Paris 18/05/26 Scheme Booklet now available – your vote matters 30/04/26 Quarterly Report: Building the rare earth supply chain the West needs 01/04/26 ASM wins Resources, Minerals and Processing Award at Australia-Korea Business Awards 2026",5,"공급망·지정학 리스크 대응 관련 표현이 content에서 발견되었습니다: supply chain, supply-chain"
25,Applied Materials,반도체,nm급 W2W 하이브리드 본딩 장비,0,,1,공급망·지정학 리스크 대응,특정지역 의존도 축소·공급망 다변화·규제 리스크 대응 등,Q4 2023 Applied Materials Earnings Conference Call,https://ir.appliedmaterials.com/events/event-details/q4-2023-applied-materials-earnings-conference-call,Applied Materials - Investor Relations / Investor Relations,official,2023-11-16T00:00:00Z,2026-08-13T05:37:08Z,geopolitical,content,"trategic initiatives, align our resources and cost structure with business conditions, and attract, motivate and retain key employees; the effects of geopolitical turmoil or conflicts, and of regional or global health epidemics; acquisitions, investments and divestitures; changes in income tax laws; the variability of operating expenses and results among products and segments, an",4,공급망·지정학 리스크 대응 관련 표현이 content에서 발견되었습니다: geopolitical
49,Maxon,로봇,로봇용 감속기,3,gearbox,1,공급망·지정학 리스크 대응,특정지역 의존도 축소·공급망 다변화·규제 리스크 대응 등,maxon achieves a respectable result with CHF 594.7 million revenue despite challenging conditions,https://www.maxongroup.com/en/news-and-events/news/maxon-achieves-a-respectable-result-with-chf-594-7-million-revenue-despite-challenging-conditions-283946,Maxon - News / Newsroom / News,official,,2026-08-13T05:37:08Z,geopolitical,content,"solid liquidity reserve in 2024 – a reassuring position in economically and politically uncertain times. 2025 will also be challenging; economic and geopolitical imponderables are currently difficult to assess."" Eugen Elmiger, CEO of the maxon Group, says of the annual result: ""We began 2024 with optimism but had to quickly adjust our expectations. After several years of revenue",4,공급망·지정학 리스크 대응 관련 표현이 content에서 발견되었습니다: geopolitical
1,Australian Strategic Metals,철강금속,사용후 영구자석 고순도 희토류 추출,6,NdFeB; rare earth; dysprosium,2,생산 확대 및 다변화 의지,APAC 신규 시설 확장 검토·생산기지 타당성 조사 등,Quarterly Report: Production momentum continues,https://asm-au.com/quarterly-report-production-momentum-continues/,Australian Strategic Metals - News / Newsroom / News RSS,official,2026-07-30T23:32:35Z,2026-08-13T05:37:08Z,APAC; feasibility study; facility expansion,content,"~45 tonnes of NdFeB alloy and NdPr metal, with total production increasing for the second quarter in a row. Facility expansion to 3,600tpa nameplate capacity Installation of eight new furnaces at the KMP completed, progressing Phase 2 expansion activities. Scaling-up heavy rare earth metal development Commissioning of next-generation pilot-scale HRE metallisation furnace; the Schemes with Energy Fuels, continued production ramp-up and expansion at the Korean Metals Plant (KMP), and progress of the Heap Leach Option pre-feasibility study (PFS) at the Dubbo Project” Rowena Smith Managing Director & CEO, ASM Highlights Rare earth metal and alloy production continues to increase The Korean Metals Plant (KMP) dispatched ~45 tonnes of NdFeB alloy and NdPr me; The Korean Metals Plant (KMP) dispatched ~45 tonnes of NdFeB alloy and NdPr metal, with total production increasing for the second quarter in a row. Facility expansion to 3,600tpa nameplate capacity Installation of eight new furnaces at the KMP completed, progressing Phase 2 expansion activities. Scaling-up heavy rare earth metal development Commissioning of next-generation pilot-scal",6,"생산 확대 및 다변화 의지 관련 표현이 content에서 발견되었습니다: APAC, feasibility study, facility expansion"
16,Amkor Technology,반도체,반도체 후공정용 고성능 방열소재,0,,2,생산 확대 및 다변화 의지,APAC 신규 시설 확장 검토·생산기지 타당성 조사 등,Amkor Technology Announces Strategic Partnership with NVIDIA to Expand Advanced Packaging and Test for Next-Generation AI Infrastructure,https://ir.amkor.com/news-releases/news-release-details/amkor-technology-announces-strategic-partnership-nvidia-expand,Amkor Technology - Investor Press Releases / Press Releases,official,2026-07-23T00:00:00Z,2026-08-13T05:37:08Z,APAC; capacity expansion; manufacturing footprint,content,"tion AI Infrastructure $1.5 Billion Multi-Year Advanced Packaging and Development Agreement to Support Expansion of Amkor’s U.S . Advanced Packaging Capacity TEMPE, Ariz. --(BUSINESS WIRE)--Jul. 23, 2026-- Amkor Technology, Inc. (Nasdaq: AMKR) today announced a multi-year strategic partnership with NVIDIA to develop advanced semiconductor packaging and test technologies f; lities to support critical AI infrastructure.” Spanning Asia and the United States , the NVIDIA–Amkor collaboration aligns technology development and capacity expansion to support the continued evolution of AI platforms. About Amkor Technology, Inc. Amkor Technology, Inc. (Nasdaq: AMKR) is the world’s largest U.S. headquartered OSAT and is a global leader in outsourced semiconductor pa; for AI infrastructure. NVIDIA’s capacity agreement supports Amkor’s expansion of U.S . capacity in Arizona , complementing the company’s established manufacturing footprint across Asia , to create a geographically diverse and resilient global supply chain. “AI is driving a generational shift in technology, transforming every industry and creating a unique opportunity to reinvigorate Americ",6,"생산 확대 및 다변화 의지 관련 표현이 content에서 발견되었습니다: APAC, capacity expansion, manufacturing footprint"
28,ASML,반도체,EUV 노광장비,6,EUV; lithography; semiconductor equipment,2,생산 확대 및 다변화 의지,APAC 신규 시설 확장 검토·생산기지 타당성 조사 등,"July 15, 2026 ASML reports €9.3 billion total net sales and €2.9 billion net income in Q2 2026",https://www.asml.com/en/news/press-releases/2026/q2-2026-financial-results,ASML - ASML News / Newsroom / News,official,2026-07-15T00:00:00Z,2026-08-13T05:37:08Z,APAC; capacity expansion; manufacturing capacity,content,"nced Logic and Memory chips, further strengthening the semiconductor industry's growth outlook. Our customers, in turn, continue to accelerate their capacity expansion plans. This is translating into customer commitments across our product portfolio, providing ASML with increased visibility into longer-term demand. Our order intake remained extremely strong in the first h; anced Logic and Memory chips, further strengthening the semiconductor industry's growth outlook. Our customers, in turn, continue to accelerate their capacity expansion plans. This is translating into customer commitments across our product portfolio, providing ASML with increased visibility into longer-term demand. Our order intake remained extremely strong in the first half of the ye; thout limitation, risks relating to customer demand, semiconductor equipment industry capacity, worldwide demand for semiconductors and semiconductor manufacturing capacity, lithography tool utilization and semiconductor inventory levels, general trends and consumer confidence in the semiconductor industry, the impact of general economic conditions, including the impact of the macroeconomi",6,"생산 확대 및 다변화 의지 관련 표현이 content에서 발견되었습니다: APAC, capacity expansion, manufacturing capacity"
24,Ouster,로봇,로봇용 라이다,4,LiDAR; lidar,2,생산 확대 및 다변화 의지,APAC 신규 시설 확장 검토·생산기지 타당성 조사 등,Ouster BlueCity with REV8 Lidar Wins Multimillion-Dollar Utah Traffic Modernization Expansion,https://investors.ouster.com/news-releases/news-release-details/ouster-bluecity-rev8-lidar-wins-multimillion-dollar-utah-traffic,Ouster - News Releases / Press Releases,official,2026-08-11T00:00:00Z,2026-08-13T05:37:08Z,APAC; Asia Pacific,content,,5,"생산 확대 및 다변화 의지 관련 표현이 content에서 발견되었습니다: APAC, Asia Pacific"
24,Ouster,로봇,로봇용 라이다,4,LiDAR; lidar,2,생산 확대 및 다변화 의지,APAC 신규 시설 확장 검토·생산기지 타당성 조사 등,Ouster Announces Upcoming Investor Events,https://investors.ouster.com/news-releases/news-release-details/ouster-announces-upcoming-investor-events-1,Ouster - News Releases / Press Releases,official,2026-08-07T00:00:00Z,2026-08-13T05:37:08Z,APAC; Asia Pacific,content,,5,"생산 확대 및 다변화 의지 관련 표현이 content에서 발견되었습니다: APAC, Asia Pacific"
24,Ouster,로봇,로봇용 라이다,4,LiDAR; lidar,2,생산 확대 및 다변화 의지,APAC 신규 시설 확장 검토·생산기지 타당성 조사 등,Ouster Announces Results for Second Quarter 2026,https://investors.ouster.com/news-releases/news-release-details/ouster-announces-results-second-quarter-2026,Ouster - News Releases / Press Releases,official,2026-08-06T00:00:00Z,2026-08-13T05:37:08Z,APAC; Asia Pacific,content,,5,"생산 확대 및 다변화 의지 관련 표현이 content에서 발견되었습니다: APAC, Asia Pacific"
21,GE Healthcare,바이오,바이오의약품 생산용 배양 및 정제 시스템,3,resin,2,생산 확대 및 다변화 의지,APAC 신규 시설 확장 검토·생산기지 타당성 조사 등,GE HealthCare reports second quarter 2026 financial results,https://investor.gehealthcare.com/news-releases/news-release-details/ge-healthcare-reports-second-quarter-2026-financial-results,GE Healthcare - Investor News Releases / Investor News / Press Releases,official,2026-07-29T00:00:00Z,2026-08-13T05:37:08Z,APAC; capacity expansion,content,of $107 million . Capital expenditures of $100 million compared to $87 million in the prior year. The Company continues to prioritize investment in capacity expansion and innovation. Cash and cash equivalents of $2.1 billion and access to $3.5 billion of revolving credit facilities. Total debt outstanding of $10.1 billion . The Company repurchased 3.3 million shares for; d of $107 million . Capital expenditures of $100 million compared to $87 million in the prior year. The Company continues to prioritize investment in capacity expansion and innovation. Cash and cash equivalents of $2.1 billion and access to $3.5 billion of revolving credit facilities. Total debt outstanding of $10.1 billion . The Company repurchased 3.3 million shares for total conside,5,"생산 확대 및 다변화 의지 관련 표현이 content에서 발견되었습니다: APAC, capacity expansion"
19,Skyworks,모빌리티,자율주행차 IMU/RF/베이스밴드 칩,3,RF,2,생산 확대 및 다변화 의지,APAC 신규 시설 확장 검토·생산기지 타당성 조사 등,Skyworks Delivers Solid Third Quarter Fiscal Year 2026 Results; Announces Key Steps Toward Qorvo Combination,https://investors.skyworksinc.com/news-releases/news-release-details/skyworks-delivers-solid-third-quarter-fiscal-year-2026-results,Skyworks - Press Releases / Press Releases,official,2026-07-28T00:00:00Z,2026-08-13T05:37:08Z,APAC; manufacturing footprint,content,"ducts’ ability to perform under stringent operating conditions; the availability and pricing of third-party semiconductor foundry, assembly and test capacity, raw materials, including rare earth and similar minerals, supplier components, equipment and shipping and logistics services, including limits on our customers’ ability to obtain such services and materials; risks t; d logistics services, including limits on our customers’ ability to obtain such services and materials; risks that we may not be able to optimize our manufacturing footprint and achieve any financial and operational benefits from such efforts, including reducing fixed costs or improving utilization rates, disruptions to our manufacturing processes, including relating to any relocation of ou",5,"생산 확대 및 다변화 의지 관련 표현이 content에서 발견되었습니다: APAC, manufacturing footprint"
7,West Pharmaceutical,바이오,Autoinjector/PFS 의약품 완충전 및 제조기술,4,injectable,2,생산 확대 및 다변화 의지,APAC 신규 시설 확장 검토·생산기지 타당성 조사 등,West Reports Second-Quarter 2026 Results,https://investor.westpharma.com/news-releases/news-release-details/west-reports-second-quarter-2026-results,West Pharmaceutical - Press Releases / Press Releases,official,2026-07-23T00:00:00Z,2026-08-13T05:37:08Z,APAC; Asia Pacific,content,"te (Decline) (Non- U.S . GAAP) (6) 2026 2025 Americas $388.7 $349.7 11.2 % 0.6 % 10.6 % Europe , Middle East , Africa 399.8 349.7 14.3 % 2.2 % 12.1 % Asia Pacific 83.8 67.1 24.9 % (2.1) % 27.0 % Total $872.3 $766.5 13.8 % 1.1 % 12.7 % Six Months Ended June 30 , Reported Net Sales ( U.S . GAAP) Percent Change Impact of Currency Organic Net Sales Growth Rate (Decline) (Non- U.S . G",5,"생산 확대 및 다변화 의지 관련 표현이 content에서 발견되었습니다: APAC, Asia Pacific"
24,Ouster,로봇,로봇용 라이다,4,LiDAR; lidar,2,생산 확대 및 다변화 의지,APAC 신규 시설 확장 검토·생산기지 타당성 조사 등,Ouster Names Shaluinn Fullove as Chief People Officer to Drive Global Growth and Talent Strategy,https://investors.ouster.com/news-releases/news-release-details/ouster-names-shaluinn-fullove-chief-people-officer-drive-global,Ouster - News Releases / Press Releases,official,2026-07-23T00:00:00Z,2026-08-13T05:37:08Z,APAC; Asia Pacific,content,,5,"생산 확대 및 다변화 의지 관련 표현이 content에서 발견되었습니다: APAC, Asia Pacific"
24,Ouster,로봇,로봇용 라이다,4,LiDAR; lidar,2,생산 확대 및 다변화 의지,APAC 신규 시설 확장 검토·생산기지 타당성 조사 등,Ouster Announces Date for Second Quarter 2026 Earnings Call,https://investors.ouster.com/news-releases/news-release-details/ouster-announces-date-second-quarter-2026-earnings-call,Ouster - News Releases / Press Releases,official,2026-07-14T00:00:00Z,2026-08-13T05:37:08Z,APAC; Asia Pacific,content,,5,"생산 확대 및 다변화 의지 관련 표현이 content에서 발견되었습니다: APAC, Asia Pacific"
62,Arkema,이차전지,폴리비닐리덴 플루오라이드(PVDF),5,PVDF; fluoropolymer,2,생산 확대 및 다변화 의지,APAC 신규 시설 확장 검토·생산기지 타당성 조사 등,"15% PVDF capacity expansion in North America"">",https://www.arkema.com/global/en/media/newslist/news/global/investorrelations/2026/20260623-arkema-successfully-started-its-PVDF-capacity-expansion/,Arkema - Newsroom / Newsroom / News,official,2026-06-23T12:28:00Z,2026-08-13T05:37:08Z,APAC; capacity expansion,title; content; url,"Go to content Go to navigation Go to search Finance Business Jun 23, 2026 - PRESS RELEASE Arkema successfully started up its 15% PVDF capacity expansion in North America Download the PDF This capacity expansion in Calvert City, Kentucky, strengthens the Group&rsquo;s leadership in PVDF. This investment of around 20 million US dollars will support the growin; Go to content Go to navigation Go to search Finance Business Jun 23, 2026 - PRESS RELEASE Arkema successfully started up its 15% PVDF capacity expansion in North America Download the PDF This capacity expansion in Calvert City, Kentucky, strengthens the Group&rsquo;s leadership in PVDF. This investment of around 20 million US dollars will support the growing demand for",5,"생산 확대 및 다변화 의지 관련 표현이 title, content, url에서 발견되었습니다: APAC, capacity expansion"
16,Amkor Technology,반도체,반도체 후공정용 고성능 방열소재,0,,2,생산 확대 및 다변화 의지,APAC 신규 시설 확장 검토·생산기지 타당성 조사 등,TSMC and Amkor Technology Announce Long Term Partnership to Accelerate Advanced Packaging in the United States,https://ir.amkor.com/news-releases/news-release-details/tsmc-and-amkor-technology-announce-long-term-partnership,Amkor Technology - Investor Press Releases / Press Releases,official,2026-06-16T00:00:00Z,2026-08-13T05:37:08Z,APAC; expand capacity,content,"ablishes a collaboration framework for TSMC to procure from Amkor advanced packaging and testing services. By working together as partners to expand capacity, the companies aim to enable a more efficient, mutually beneficial operating model while strengthening their ability to support customers’ evolving requirements. As demand accelerates for high-performance computing,; ment establishes a collaboration framework for TSMC to procure from Amkor advanced packaging and testing services. By working together as partners to expand capacity, the companies aim to enable a more efficient, mutually beneficial operating model while strengthening their ability to support customers’ evolving requirements. As demand accelerates for high-performance computing, art",5,"생산 확대 및 다변화 의지 관련 표현이 content에서 발견되었습니다: APAC, expand capacity"
55,EVG,반도체,nm급 W2W 하이브리드 본딩 장비,9,W2W; hybrid bonding; wafer bonding; wafer-to-wafer; advanced packaging; bonding equipment,2,생산 확대 및 다변화 의지,APAC 신규 시설 확장 검토·생산기지 타당성 조사 등,28.05.2026 Imec and EV Group demonstrate wafer-to-wafer hybrid bonding with 200nm interconnect pitch and record high overlay accuracy Read more,https://www.evgroup.com/company/news/detail/imec-and-ev-group-demonstrate-wafer-to-wafer-hybrid-bonding-with-200nm-interconnect-pitch-and-record-high-overlay-accuracy,EVG - Press Center / News / Newsroom / News,official,2026-05-28T00:00:00Z,2026-08-13T05:37:08Z,APAC; Asia Pacific,content,,5,"생산 확대 및 다변화 의지 관련 표현이 content에서 발견되었습니다: APAC, Asia Pacific"
24,Ouster,로봇,로봇용 라이다,4,LiDAR; lidar,2,생산 확대 및 다변화 의지,APAC 신규 시설 확장 검토·생산기지 타당성 조사 등,"Ouster Acquires StereoLabs, Creating a World-Leading Physical AI Sensing and Perception Company",https://investors.ouster.com/news-releases/news-release-details/ouster-acquires-stereolabs-creating-world-leading-physical-ai,Ouster - News Releases / Press Releases,official,2026-02-09T00:00:00Z,2026-08-13T05:37:08Z,APAC; Asia Pacific,content,,5,"생산 확대 및 다변화 의지 관련 표현이 content에서 발견되었습니다: APAC, Asia Pacific"
32,Vestas,에너지,해상풍력터빈,4,wind turbine,2,생산 확대 및 다변화 의지,APAC 신규 시설 확장 검토·생산기지 타당성 조사 등,Press Office,https://www.vestas.com/en/media/press-office,Vestas - Company News / Company News,official,,2026-08-13T05:37:08Z,APAC; Asia Pacific,content,"Phone: +45 5050 9491 Email: caecn@vestas.com Regional media contacts \r\n""}}"" id=""styledheading-a0bf7c1104"" class=""cmp-text""> Regional media contacts Asia Pacific \r\n \r\n Kilani Fisher \r\n Head of Marketing &amp; Communications \r\n Vestas Asia Pacific \r\n Phone:&nbsp;+61 436 855 159 \r\n Email:&nbsp; klafs@vestas.com&nbsp; \r\n &nbsp; \r\n &nbsp; \r\n""}}"" id=""text-e4c53fdced",5,"생산 확대 및 다변화 의지 관련 표현이 content에서 발견되었습니다: APAC, Asia Pacific"
49,Maxon,로봇,로봇용 감속기,3,gearbox,2,생산 확대 및 다변화 의지,APAC 신규 시설 확장 검토·생산기지 타당성 조사 등,maxon achieves a respectable result with CHF 594.7 million revenue despite challenging conditions,https://www.maxongroup.com/en/news-and-events/news/maxon-achieves-a-respectable-result-with-chf-594-7-million-revenue-despite-challenging-conditions-283946,Maxon - News / Newsroom / News,official,,2026-08-13T05:37:08Z,APAC; Asia Pacific,content,,5,"생산 확대 및 다변화 의지 관련 표현이 content에서 발견되었습니다: APAC, Asia Pacific"
62,Arkema,이차전지,폴리비닐리덴 플루오라이드(PVDF),3,PVDF,2,생산 확대 및 다변화 의지,APAC 신규 시설 확장 검토·생산기지 타당성 조사 등,Press releases and news,https://www.arkema.com/global/en/media/newsroom/,Arkema - Financial News / Financial News,official,,2026-08-13T05:37:08Z,APAC; capacity expansion,content,"le East, Arkema delivered a robust performance with ... Read more 2026 results ""> investor relations.jpg Arkema successfully started up its 15% PVDF capacity expansion in North America This capacity expansion in Calvert City, Kentucky, strengthens the Group’s leadership in ... Read more 15% PVDF capacity expansion in North America""> calvert-city-pvdf-expansion.jpg Arkema; dle East, Arkema delivered a robust performance with ... Read more 2026 results ""> investor relations.jpg Arkema successfully started up its 15% PVDF capacity expansion in North America This capacity expansion in Calvert City, Kentucky, strengthens the Group’s leadership in ... Read more 15% PVDF capacity expansion in North America""> calvert-city-pvdf-expansion.jpg Arkema showcases inn",5,"생산 확대 및 다변화 의지 관련 표현이 content에서 발견되었습니다: APAC, capacity expansion"
27,Prodrive,모빌리티,자율주행차 카메라/이미지 신호처리,0,,2,생산 확대 및 다변화 의지,APAC 신규 시설 확장 검토·생산기지 타당성 조사 등,5-11-2025 | Press release Prodrive Technologies inaugurates 4MW green hydrogen rectifier test facility,https://prodrive-technologies.com/en/about-us/news/prodrive-technologies-inaugurates-4mw-green-hydrogen-rectifier-test-facility/,Prodrive - Press-release Filter / Press Releases,official,,2026-08-13T05:37:08Z,new facility,content,"ia production without compromising efficiency or grid compatibility.” The first factory acceptance testing has already concluded successfully at this new facility, after which Hydra systems have been delivered to one of the largest multinational oil and gas companies for further field testing. Prodrive technologies is a privately owned Dutch high-tech electronics developer and ma",4,생산 확대 및 다변화 의지 관련 표현이 content에서 발견되었습니다: new facility
16,Amkor Technology,반도체,반도체 후공정용 고성능 방열소재,0,,3,투자 재원 확보,대규모 회사채 발행·유상증자·신용공여 조달 등,Amkor Technology Reports Financial Results for the Second Quarter 2026,https://ir.amkor.com/news-releases/news-release-details/amkor-technology-reports-financial-results-second-quarter-2026,Amkor Technology - Investor Press Releases / Press Releases,official,2026-07-27T00:00:00Z,2026-08-13T05:37:08Z,convertible notes; funding; liquidity; capital expenditure,content,"ems; restrictive covenants in the indentures and agreements governing our current and future indebtedness; our substantial indebtedness; terms of our convertible notes could delay or prevent an otherwise beneficial takeover of us, may dilute the ownership interest of existing stockholders or may otherwise adversely affect the price of our common stock; the capped call transactions ent; industry; dependence on key customers or concentration of customers in certain end markets, such as mobile communications and automotive; difficulty funding our liquidity needs; challenges with integrating diverse operations; dependence on international factories and operations, and risks relating to trade restrictions and regional conflict, including restrictive trade barr; ependence on key customers or concentration of customers in certain end markets, such as mobile communications and automotive; difficulty funding our liquidity needs; challenges with integrating diverse operations; dependence on international factories and operations, and risks relating to trade restrictions and regional conflict, including restrictive trade barriers, export c",7,"투자 재원 확보 관련 표현이 content에서 발견되었습니다: convertible notes, funding, liquidity, capital expenditure"
21,GE Healthcare,바이오,바이오의약품 생산용 배양 및 정제 시스템,3,resin,3,투자 재원 확보,대규모 회사채 발행·유상증자·신용공여 조달 등,GE HealthCare reports second quarter 2026 financial results,https://investor.gehealthcare.com/news-releases/news-release-details/ge-healthcare-reports-second-quarter-2026-financial-results,GE Healthcare - Investor News Releases / Investor News / Press Releases,official,2026-07-29T00:00:00Z,2026-08-13T05:37:08Z,revolving credit; liquidity; capital expenditure,content,"pany continues to prioritize investment in capacity expansion and innovation. Cash and cash equivalents of $2.1 billion and access to $3.5 billion of revolving credit facilities. Total debt outstanding of $10.1 billion . The Company repurchased 3.3 million shares for total consideration of $200 million ; $500 million remaining in the share repurchase program authorized by the Board o; P financial measures The non-GAAP financial measures presented in this press release are supplemental measures of GE HealthCare’s performance and its liquidity that the Company believes will help investors understand its financial condition, cash flows, and operating results, and assess its future prospects. When read in conjunction with the Company’s U.S . GAAP results, these; n , up $74 million . Free cash flow* of $68 million , up $61 million . Cash flow from operating activities includes a tariff refund of $107 million . Capital expenditures of $100 million compared to $87 million in the prior year. The Company continues to prioritize investment in capacity expansion and innovation. Cash and cash equivalents of $2.1 billion and access to $3.5 billion of re",6,"투자 재원 확보 관련 표현이 content에서 발견되었습니다: revolving credit, liquidity, capital expenditure"
19,Skyworks,모빌리티,자율주행차 IMU/RF/베이스밴드 칩,3,RF,3,투자 재원 확보,대규모 회사채 발행·유상증자·신용공여 조달 등,Skyworks Delivers Solid Third Quarter Fiscal Year 2026 Results; Announces Key Steps Toward Qorvo Combination,https://investors.skyworksinc.com/news-releases/news-release-details/skyworks-delivers-solid-third-quarter-fiscal-year-2026-results,Skyworks - Press Releases / Press Releases,official,2026-07-28T00:00:00Z,2026-08-13T05:37:08Z,debt financing; liquidity; capital expenditure,content,"Regulatory Approvals Progressing Announces Expected Leadership Team for Combined Company Anticipates Raising Approximately $2 Billion of Acquisition Debt Financing Announces New Capital Allocation Framework for Combined Company; New Stock Repurchase Authorization of $2 Billion IRVINE, Calif. , July 28, 2026 (GLOBE NEWSWIRE) -- Skyworks Solutions, Inc. (Nasdaq: SWKS), a leading dev; d similar risks, any of which could have a material adverse effect on Skyworks’ or Qorvo’s consolidated financial condition, results of operations or liquidity. The forward-looking statements contained in this earnings release are made only as of the date hereof, and we undertake no obligation to update or revise any forward-looking statements, whether as a result of new infor; ment; the potential impacts of the proposed transactions with Qorvo on the businesses of Skyworks and Qorvo, including unforeseen liabilities, future capital expenditures, revenues, expenses, earnings, synergies, economic performance, indebtedness, financial condition, losses, future prospects, business and management strategies, and the expansion and growth of their businesses; the fai",6,"투자 재원 확보 관련 표현이 content에서 발견되었습니다: debt financing, liquidity, capital expenditure"
19,Skyworks,모빌리티,자율주행차 IMU/RF/베이스밴드 칩,3,RF,3,투자 재원 확보,대규모 회사채 발행·유상증자·신용공여 조달 등,Skyworks and Qorvo Announce Expected Leadership Team for Combined Company,https://investors.skyworksinc.com/news-releases/news-release-details/skyworks-and-qorvo-announce-expected-leadership-team-combined,Skyworks - Press Releases / Press Releases,official,2026-07-28T00:00:00Z,2026-08-13T05:37:08Z,liquidity; capital expenditure,content,"d similar risks, any of which could have a material adverse effect on Skyworks’ or Qorvo’s consolidated financial condition, results of operations or liquidity. Neither Skyworks nor Qorvo assumes any obligation to publicly provide revisions or updates to any forward-looking statements, whether as a result of new information, future developments or otherwise, should circumstanc; osed transaction on anticipated terms and timing, including obtaining regulatory approvals, anticipated tax treatment, unforeseen liabilities, future capital expenditures, revenues, expenses, earnings, synergies, economic performance, indebtedness, financial condition, losses, future prospects, business and management strategies, expansion and growth of Skyworks’ and Qorvo’s businesses",5,"투자 재원 확보 관련 표현이 content에서 발견되었습니다: liquidity, capital expenditure"
28,ASML,반도체,EUV 노광장비,6,EUV; lithography; semiconductor equipment,3,투자 재원 확보,대규모 회사채 발행·유상증자·신용공여 조달 등,"July 15, 2026 ASML reports €9.3 billion total net sales and €2.9 billion net income in Q2 2026",https://www.asml.com/en/news/press-releases/2026/q2-2026-financial-results,ASML - ASML News / Newsroom / News,official,2026-07-15T00:00:00Z,2026-08-13T05:37:08Z,liquidity; capital expenditure,content,"y licenses and to sell our systems and provide services to certain customers, the impact of the tariff announcements, changes in tax rates, available liquidity and free cash flow and liquidity requirements, our ability to refinance our indebtedness, available cash and distributable reserves for, and other factors impacting, dividend payments and share repurchases, the number o; pect to dividends, expected performance and capabilities of our systems and product roadmaps, customer outlook and plans including customer roadmaps, capital expenditures and capacity expansion plans, ESG strategy and commitments and other non-historical statements. You can generally identify these statements by the use of words like “may”, “expect”, “will”, “could”, “should”, “project”",5,"투자 재원 확보 관련 표현이 content에서 발견되었습니다: liquidity, capital expenditure"
62,Arkema,이차전지,폴리비닐리덴 플루오라이드(PVDF),3,PVDF,3,투자 재원 확보,대규모 회사채 발행·유상증자·신용공여 조달 등,Second-quarter 2026 results,https://www.arkema.com/global/en/media/newslist/news/global/investorrelations/2026/20260730--second-quarter-2026-results/,Arkema - Newsroom / Newsroom / News,official,2026-07-30T00:00:00Z,2026-08-13T05:37:08Z,capital expenditure,content,"TDA in 2026 versus 2025. Cash allocation will also continue to be a key focus for the Group, notably through strict management of working capital and capital expenditure limited to &euro;600 million in 2026. In this global environment, on the basis of all these initiatives and the Group&rsquo;s achievement in H1, Arkema is confident of delivering its guidance of a FY&rsquo;26 EBITDA sli",4,투자 재원 확보 관련 표현이 content에서 발견되었습니다: capital expenditure
7,West Pharmaceutical,바이오,Autoinjector/PFS 의약품 완충전 및 제조기술,4,injectable,3,투자 재원 확보,대규모 회사채 발행·유상증자·신용공여 조달 등,West Reports Second-Quarter 2026 Results,https://investor.westpharma.com/news-releases/news-release-details/west-reports-second-quarter-2026-results,West Pharmaceutical - Press Releases / Press Releases,official,2026-07-23T00:00:00Z,2026-08-13T05:37:08Z,capital expenditure,content,"Diluted earnings per share (""EPS"") of $2.15 increased 18.1%. Adjusted-diluted EPS of $2.37 increased 28.8%. Operating cash flow was $213.9 million . Capital expenditures were $85.9 million . Free cash flow (defined as operating cash flow less capital expenditures) was $128.0 million . During the first six months of 2026, the Company repurchased 1.8 million shares for $454.3 million at",4,투자 재원 확보 관련 표현이 content에서 발견되었습니다: capital expenditure
5,Cytiva,바이오,바이오의약품 생산용 배양 및 정제 시스템,5,bioprocess; resin,3,투자 재원 확보,대규모 회사채 발행·유상증자·신용공여 조달 등,Danaher Reports Second Quarter 2026 Results Danaher Corporation (NYSE: DHR) today announced results for the second quarter 2026. All results in this release reflect only continuing operations and period-to-period comparisons are... 07.21.2026,https://investors.danaher.com/2026-07-21-Danaher-Reports-Second-Quarter-2026-Results,Cytiva - Danaher Press Releases / Press Releases,official,2026-07-21T00:00:00Z,2026-08-13T05:37:08Z,funding; liquidity,content,"ect to our production capacity in times of national emergency or with respect to intellectual property/production capacity developed using government funding, risks relating to product, service or software defects, product liability and recalls, risks relating to our manufacturing operations, the impact of climate change, legal or regulatory measures to address climate chang; her countries, the impact of our debt obligations (including debt we incurred to finance the acquisition of Masimo Corporation) on our operations and liquidity, deterioration of or instability in the global economy, the markets we serve and the financial markets, uncertainties with respect to the development, deployment, and use of artificial intelligence in our business and p",4,"투자 재원 확보 관련 표현이 content에서 발견되었습니다: funding, liquidity"
44,Umicore,이차전지,"양극재 소재(수산화리튬, 탄산리튬)",5,cathode material; battery material,3,투자 재원 확보,대규모 회사채 발행·유상증자·신용공여 조달 등,Half Year Results 2026,https://www.umicore.com/en/media/newsroom/half-year-results-2026/,Umicore - Investor Relations / Investor Relations,official,,2026-08-13T05:37:08Z,capital expenditure,content,"sus 4.4 for H1 2025 Turning earnings into cash while maintaining rigorous capital discipline and efficiency focus Efficiency measures of € 60 million Capital expenditures of € 130 million Cash flow from operations of € 433 million and Free Operating Cash Flow of € 295 million Net Debt at € 1.5 billion, corresponding to a Net Debt/LTM adj. EBITDA ratio of 1.52x Upgrading guidance to slig",4,투자 재원 확보 관련 표현이 content에서 발견되었습니다: capital expenditure
4,Charles River,바이오,바이러스 검증 및 MCB/WCB 특성분석,8,NGS; next-generation sequencing; next generation sequencing; gene therapy; PathoQuest,4,기술 생태계 밀착(R&D),공동연구·기술 라이선싱·PoC 매칭·지분투자 등,Charles River Laboratories Announces Second-Quarter 2026 Results,https://ir.criver.com/news-releases/news-release-details/charles-river-laboratories-announces-second-quarter-2026-results,Charles River - News Releases / Press Releases,official,2026-08-05T00:00:00Z,2026-08-13T05:37:08Z,R&D; research and development; equity investment,content,"onships, the Company has joined Eli Lilly's TuneLab AI/ML platform by providing non-clinical testing expertise to optimize drug discovery and advance R&D modernization efforts. Additionally, it has collaborated with Arovella Therapeutics to provide in vitro Next Generation Sequencing (NGS) services, which was added through the PathoQuest acquisition. This collaboration w; cquire, and risks and uncertainties associated with businesses that we acquire; the timing and magnitude of our share repurchases; negative trends in research and development spending, negative trends in the level of outsourced services, or other cost reduction actions by our clients; the ability to convert backlog to revenue; demand and booking trends; special interest groups; contamination; other costs associated with our restructuring initiatives; investment gains or losses associated with our venture capital and certain other strategic equity investments; certain legal costs and adjustments related to an NHP inventory charge in our DSA segment related to now concluded U.S . government investigations into the NHP supply chain; legal and advisory costs related to enterin",6,"기술 생태계 밀착(R&D) 관련 표현이 content에서 발견되었습니다: R&D, research and development, equity investment"
21,GE Healthcare,바이오,바이오의약품 생산용 배양 및 정제 시스템,3,resin,4,기술 생태계 밀착(R&D),공동연구·기술 라이선싱·PoC 매칭·지분투자 등,GE HealthCare reports second quarter 2026 financial results,https://investor.gehealthcare.com/news-releases/news-release-details/ge-healthcare-reports-second-quarter-2026-financial-results,GE Healthcare - Investor News Releases / Investor News / Press Releases,official,2026-07-29T00:00:00Z,2026-08-13T05:37:08Z,research collaboration; research and development; equity investment,content,"re partner to expand patient access across Long Island GE HealthCare and Mayo Clinic aim to advance personalized cancer care through new theranostics research collaboration GE HealthCare and University Hospital Essen collaborate to advance theranostics and personalized cancer care with new Nuclear Medicine Center GE HealthCare advancing enterprise imaging with cloud-enabled solutions GE He; 60 4,500 4,122 Cost of services 898 863 1,769 1,665 Gross profit 2,180 1,985 4,157 3,997 Selling, general, and administrative 1,118 1,029 2,235 2,069 Research and development 323 302 668 646 Total operating expenses 1,441 1,331 2,903 2,714 Operating income 739 654 1,254 1,283 Interest and other financial charges – net 114 113 210 224 Non-operating benefit (income) costs (45 ) (73 ) (96 ) (14; ne-time costs. (4) Consists of gains and losses resulting from the sale of assets and investments. (5) Primarily relates to valuation adjustments for equity investments and for the six months ended June 30, 2025 , includes the impact from the revaluation of our existing 50% interest in NMP as part of the acquisition transaction. (6) Consists of the pre-tax impact of refunds pertaining",6,"기술 생태계 밀착(R&D) 관련 표현이 content에서 발견되었습니다: research collaboration, research and development, equity investment"
66,Nabtesco,로봇,로봇용 감속기,4,actuator,4,기술 생태계 밀착(R&D),공동연구·기술 라이선싱·PoC 매칭·지분투자 등,"Investment in Alva Industries, a Norwegian Advanced Motor Technology Company Jul 08, 2026 Business Investment and Alliance",https://www.nabtesco.com/en/news/20260708-18193/,Nabtesco - News / Newsroom / News,official,2026-07-08T00:00:00Z,2026-08-13T05:37:08Z,joint research; research and development; open innovation,content,"etary FiberPrinting TM technology Website https://www.alvaindustries.com/ Related news Nabtesco Selected for JAXA’s “Moon to Mars Innovation” Program Joint Research on Electric Actuators for Use in Space Environments Jul 16, 2026 Business Research and Development Notice Regarding Transfer of Shares of Subsidiary (PDF 144KB) Jun 30, 2026 Business Others Nabtesco’s Railroad Vehicle E; btesco Selected for JAXA’s “Moon to Mars Innovation” Program Joint Research on Electric Actuators for Use in Space Environments Jul 16, 2026 Business Research and Development Notice Regarding Transfer of Shares of Subsidiary (PDF 144KB) Jun 30, 2026 Business Others Nabtesco’s Railroad Vehicle Equipment Company Wins Both the Excellent Practice Award and the Human Resource Development & Traini; he next-generation robotics market, and leverage this knowledge to create mid- to long-term business opportunities. Nabtesco will continue to promote open innovation activities by strengthening partnerships with leading technology companies and promising startups around the world, pursuing new business opportunities and enhancing corporate value. ■ Company Profile Company Name Alva",6,"기술 생태계 밀착(R&D) 관련 표현이 content에서 발견되었습니다: joint research, research and development, open innovation"
55,EVG,반도체,nm급 W2W 하이브리드 본딩 장비,5,wafer bonding; advanced packaging,4,기술 생태계 밀착(R&D),공동연구·기술 라이선싱·PoC 매칭·지분투자 등,21.04.2026 CEZAMAT Boosts Advanced Photonics R&D with State-of-the-Art UV Nanoimprint System from EV Group Read more,https://www.evgroup.com/company/news/detail/cezamat-boosts-advanced-photonics-rd-with-state-of-the-art-uv-nanoimprint-system-from-ev-group,EVG - Press Center / News / Newsroom / News,official,2026-04-21T00:00:00Z,2026-08-13T05:37:08Z,R&D; research and development; research center,title; content,"lish (EN) Choose your language EN English (EN) Deutsch (DE) 日本語 (JA) 中文 (ZH) Services Contact EV Group Company News CEZAMAT Boosts Advanced Photonics R&D with State-of-the-Art UV Nanoimprint System from EV Group New EVG®6200 NT platform enables high-resolution, scalable fabrication of next-generation micro- and nanostructures The EVG®6200 NT mask alignment system with UV; next‑generation device manufacturing across the region.” About CEZAMAT Centre for Advanced Materials and Technologies CEZAMAT is a multidisciplinary research and development center in Europe, established to effectively bridge advanced scientific research with industrial implementation and commercialization. As the flagship research center of the Warsaw University of Technology, CEZAMAT oper; etary SmartNIL® technology in the cleanroom. Source: EV Group. WARSAW, Poland and ST. FLORIAN, Austria, April 21, 2026&nbsp; – CEZAMAT, a world-class research center for advanced materials and technologies, and EV Group (EVG), a leading provider of innovative process solutions and expertise serving leading-edge and future semiconductor designs and chip integration schemes, today ann",6,"기술 생태계 밀착(R&D) 관련 표현이 title, content에서 발견되었습니다: R&D, research and development, research center"
27,Prodrive,모빌리티,자율주행차 카메라/이미지 신호처리,0,,4,기술 생태계 밀착(R&D),공동연구·기술 라이선싱·PoC 매칭·지분투자 등,1-12-2025 | Press release Prodrive Technologies takes €40 million EIB loan to boost R&D in new technologies,https://prodrive-technologies.com/en/about-us/news/prodrive-technologies-takes-40-million-eib-loan-to-boost-rd-in-new-technologies-1/,Prodrive - Press-release Filter / Press Releases,official,,2026-08-13T05:37:08Z,R&D; research and development; strategic partnership,title; content,"Skip to content 1-12-2025 | Press release Prodrive Technologies takes €40 million EIB loan to boost R&D in new technologies LUXEMBOURG/SON (1 December, 2025)&nbsp; Dutch-based Prodrive Technologies has signed a €40 million lending agreement with the European Investment Bank (EIB). The financing will advance Prodrive Techn; gnal that we want to support homegrown technology in support of Europe’s strategic autonomy.” stated EIB vice president Robert de Groot . “Prodrive’s research and development are complementary to the EU Chips Act, while also providing perspective for technologies that enable green growth. It’s important to make sure that European companies can grow, thrive and expand here in the EU and we’re; 76 151 | nadia.van.sinten@prodrive-technologies.com Related articles 20-05-2026 | Press release Prodrive Technologies and Fortaegis Technologies sign strategic partnership agreement 1-05-2026 | Press release Prodrive Technologies appoints Mark Roeloffzen as new Chief Executive Officer 1-04-2026 | Press release Prodrive Technologies announces 2025 financial results 5-11-2025 | Press releas",6,"기술 생태계 밀착(R&D) 관련 표현이 title, content에서 발견되었습니다: R&D, research and development, strategic partnership"
25,Applied Materials,반도체,nm급 W2W 하이브리드 본딩 장비,0,,4,기술 생태계 밀착(R&D),공동연구·기술 라이선싱·PoC 매칭·지분투자 등,UC Berkeley to Join Applied Materials’ EPIC Center to Speed Chip Innovation Press Release Arow1-50 --> > -->,https://ir.appliedmaterials.com/news-releases/news-release-details/uc-berkeley-join-applied-materials-epic-center-speed-chip,Applied Materials - Investor Relations / Investor Relations,official,2026-08-11T00:00:00Z,2026-08-13T05:37:08Z,R&D; research collaboration,content,"with Applied’s state-of-the-art equipment and process integration expertise Located in Silicon Valley , Applied’s EPIC Center provides industry-scale R&D environment with access to cutting-edge chipmaking equipment to enable rapid co-innovation and faster commercialization SANTA CLARA, Calif. , Aug. 11, 2026 (GLOBE NEWSWIRE) -- Applied Materials, Inc. today announced tha; f the Semiconductor Products Group at Applied Materials. “Few institutions have shaped modern chipmaking as profoundly as UC Berkeley . Expanding our research collaboration at the EPIC Center strengthens the lab-to-fab innovation pipeline and gives us a powerful platform for developing the semiconductor talent the industry will depend on for decades to come.” Research universities generate",5,"기술 생태계 밀착(R&D) 관련 표현이 content에서 발견되었습니다: R&D, research collaboration"
16,Amkor Technology,반도체,반도체 후공정용 고성능 방열소재,0,,4,기술 생태계 밀착(R&D),공동연구·기술 라이선싱·PoC 매칭·지분투자 등,Amkor Technology Reports Financial Results for the Second Quarter 2026,https://ir.amkor.com/news-releases/news-release-details/amkor-technology-reports-financial-results-second-quarter-2026,Amkor Technology - Investor Press Releases / Press Releases,official,2026-07-27T00:00:00Z,2026-08-13T05:37:08Z,research and development; strategic partnership,content,",579,375 1,329,495 3,025,044 2,493,487 Gross profit 318,590 181,897 557,622 339,480 Selling, general and administrative 78,904 47,922 175,891 128,330 Research and development 39,832 42,008 81,590 87,660 Total operating expenses 118,736 89,930 257,481 215,990 Operating income 199,854 91,967 300,141 123,490 Interest expense 16,971 16,810 34,681 33,619 Other (income) expense, net (20,292 ) (8,0; uting and Automotive & Industrial end markets,” said Kevin Engel , president and chief executive officer. “During the first half of 2026, we expanded strategic partnerships across the semiconductor ecosystem, advanced key customer programs in AI and HPC, and continued the expansion of our Advanced packaging and test capacity. We expect these actions will strengthen our competitive positio",5,"기술 생태계 밀착(R&D) 관련 표현이 content에서 발견되었습니다: research and development, strategic partnership"
66,Nabtesco,로봇,로봇용 감속기,4,actuator,4,기술 생태계 밀착(R&D),공동연구·기술 라이선싱·PoC 매칭·지분투자 등,"Nabtesco Selected for JAXA’s “Moon to Mars Innovation” Program Joint Research on Electric Actuators for Use in Space Environments Jul 16, 2026 Business Research and Development",https://www.nabtesco.com/en/news/20260716-18113/,Nabtesco - News / Newsroom / News,official,2026-07-16T00:00:00Z,2026-08-13T05:37:08Z,joint research; research and development,title; content,"HOME News Nabtesco Selected for JAXA’s “Moon to Mars Innovation” Program Joint Research on Electric Actuators for Use in Space Environments Nabtesco Selected for JAXA’s “Moon to Mars Innovation” Program Joint Research on Electric Actuators for Use in Space Environments Jul 16, 2026 Business Research and De; btesco Selected for JAXA’s “Moon to Mars Innovation” Program Joint Research on Electric Actuators for Use in Space Environments Jul 16, 2026 Business Research and Development Nabtesco Corporation (Head Office: Chiyoda-ku, Tokyo; President & CEO: Kazumasa Kimura) has been selected as the lead organization for a research project under the 13th call for research proposals under its “Moon to Mar",5,"기술 생태계 밀착(R&D) 관련 표현이 title, content에서 발견되었습니다: joint research, research and development"
27,Prodrive,모빌리티,자율주행차 카메라/이미지 신호처리,0,,4,기술 생태계 밀착(R&D),공동연구·기술 라이선싱·PoC 매칭·지분투자 등,1-05-2026 | Press release Prodrive Technologies appoints Mark Roeloffzen as new Chief Executive Officer,https://prodrive-technologies.com/en/about-us/news/prodrive-technologies-appoints-mark-roeloffzen-as-new-chief-executive-officer/,Prodrive - Press-release Filter / Press Releases,official,2026-06-01T00:00:00Z,2026-08-13T05:37:08Z,R&D; strategic partnership,content,"emiconductors and Nexperia. At Nexperia, Mark served as an Executive and General Manager of a global Business Group, combining strategic, commercial, R&D, and operational responsibility with full P&L ownership. Across these roles, he built a strong track record in scaling technology‑driven organizations, navigating complex global markets, and aligning innovation with lon; g subsidiaries in Malaysia and South-Korea in 2026. Related articles 20-05-2026 | Press release Prodrive Technologies and Fortaegis Technologies sign strategic partnership agreement 1-04-2026 | Press release Prodrive Technologies announces 2025 financial results 1-12-2025 | Press release Prodrive Technologies takes €40 million EIB loan to boost R&D in new technologies 5-11-2025 | Press re",5,"기술 생태계 밀착(R&D) 관련 표현이 content에서 발견되었습니다: R&D, strategic partnership"
55,EVG,반도체,nm급 W2W 하이브리드 본딩 장비,11,W2W; D2W; hybrid bonding; wafer bonding; wafer-to-wafer; die-to-wafer; advanced packaging; chiplet,4,기술 생태계 밀착(R&D),공동연구·기술 라이선싱·PoC 매칭·지분투자 등,"19.05.2026 EV Group Highlights Hybrid Bonding, Layer Transfer and Maskless Lithography Technologies for Heterogeneous Integration and Advanced Packaging at ECTC 2026 Read more",https://www.evgroup.com/company/news/detail/ev-group-highlights-hybrid-bonding-layer-transfer-and-maskless-lithography-technologies-for-heterogeneous-integration-and-advanced-packaging-at-ectc-2026,EVG - Press Center / News / Newsroom / News,official,2026-05-19T00:00:00Z,2026-08-13T05:37:08Z,R&D; ecosystem partnership,content,".com Downloads Download Press Release - 0.14 MB Download Press Picture - 1.35 MB Menu About EVG Global Presence News Events Suppliers and Partners R&D Projects EV Group - Press contact DI Erich Thallner Strasse 1 4782 St. Florian am Inn Austria Phone +43 7712 5311 0 Fax +43 7712 5311 1500 Send E-Mail Follow us Related News EV Group Earns Impressive Ninth Consecutive Trip; ogeneous integration and 3D stacking, semiconductor manufacturers increasingly need scalable and proven process integration technologies and strong ecosystem partnerships to bring next-generation devices into high-volume manufacturing,” stated Bernd Dielacher, director of business development at&nbsp; EV Group. “ECTC provides an important forum for collaboration across the semiconductor e",5,"기술 생태계 밀착(R&D) 관련 표현이 content에서 발견되었습니다: R&D, ecosystem partnership"
27,Prodrive,모빌리티,자율주행차 카메라/이미지 신호처리,0,,4,기술 생태계 밀착(R&D),공동연구·기술 라이선싱·PoC 매칭·지분투자 등,20-05-2026 | Press release Prodrive Technologies and Fortaegis Technologies sign strategic partnership agreement,https://prodrive-technologies.com/en/about-us/news/prodrive-technologies-and-fortaegis-technologies-sign-strategic-partnership-agreement/,Prodrive - Press-release Filter / Press Releases,official,,2026-08-13T05:37:08Z,R&D; strategic partnership,title; content; url,"ss release Prodrive Technologies announces 2025 financial results 1-12-2025 | Press release Prodrive Technologies takes €40 million EIB loan to boost R&D in new technologies 5-11-2025 | Press release Prodrive Technologies inaugurates 4MW green hydrogen rectifier test facility 23-09-2025 | Press release Change in executive management at Prodrive Technologies 13-05-2025 |; Skip to content 20-05-2026 | Press release Prodrive Technologies and Fortaegis Technologies sign strategic partnership agreement Son, the Netherlands, May 2026 – Prodrive Technologies Group B.V. (“Prodrive Technologies”) and Fortaegis Technologies B.V. have signed a strategic partnership agreement to support the development, industriali",5,"기술 생태계 밀착(R&D) 관련 표현이 title, content, url에서 발견되었습니다: R&D, strategic partnership"
27,Prodrive,모빌리티,자율주행차 카메라/이미지 신호처리,0,,4,기술 생태계 밀착(R&D),공동연구·기술 라이선싱·PoC 매칭·지분투자 등,1-04-2026 | Press release Prodrive Technologies announces 2025 financial results,https://prodrive-technologies.com/en/about-us/news/prodrive-technologies-announces-2025-financial-results/,Prodrive - Press-release Filter / Press Releases,official,,2026-08-13T05:37:08Z,R&D; strategic partnership,content,"hnologies appoints Mark Roeloffzen as new Chief Executive Officer 1-12-2025 | Press release Prodrive Technologies takes €40 million EIB loan to boost R&D in new technologies 5-11-2025 | Press release Prodrive Technologies inaugurates 4MW green hydrogen rectifier test facility 23-09-2025 | Press release Change in executive management at Prodrive Technologies 13-05-2025 |; subsidiaries in Europe, the U.S., China, and Japan. Related articles 20-05-2026 | Press release Prodrive Technologies and Fortaegis Technologies sign strategic partnership agreement 1-05-2026 | Press release Prodrive Technologies appoints Mark Roeloffzen as new Chief Executive Officer 1-12-2025 | Press release Prodrive Technologies takes €40 million EIB loan to boost R&D in new technologi",5,"기술 생태계 밀착(R&D) 관련 표현이 content에서 발견되었습니다: R&D, strategic partnership"
27,Prodrive,모빌리티,자율주행차 카메라/이미지 신호처리,0,,4,기술 생태계 밀착(R&D),공동연구·기술 라이선싱·PoC 매칭·지분투자 등,5-11-2025 | Press release Prodrive Technologies inaugurates 4MW green hydrogen rectifier test facility,https://prodrive-technologies.com/en/about-us/news/prodrive-technologies-inaugurates-4mw-green-hydrogen-rectifier-test-facility/,Prodrive - Press-release Filter / Press Releases,official,,2026-08-13T05:37:08Z,R&D; strategic partnership,content,"30 years to the energy infrastructure, semiconductor, healthcare, and e-mobility industries. It employs over 2200 professionals, of which over 500 in R&D and engineering. Related articles 20-05-2026 | Press release Prodrive Technologies and Fortaegis Technologies sign strategic partnership agreement 1-05-2026 | Press release Prodrive Technologies appoints Mark Roeloffzen; ssionals, of which over 500 in R&D and engineering. Related articles 20-05-2026 | Press release Prodrive Technologies and Fortaegis Technologies sign strategic partnership agreement 1-05-2026 | Press release Prodrive Technologies appoints Mark Roeloffzen as new Chief Executive Officer 1-04-2026 | Press release Prodrive Technologies announces 2025 financial results 1-12-2025 | Press releas",5,"기술 생태계 밀착(R&D) 관련 표현이 content에서 발견되었습니다: R&D, strategic partnership"
49,Maxon,로봇,로봇용 감속기,4,actuator,4,기술 생태계 밀착(R&D),공동연구·기술 라이선싱·PoC 매칭·지분투자 등,maxon acquires strategic minority stake in Synapticon,https://www.maxongroup.com/en/news-and-events/news/maxon-acquires-strategic-minority-stake-in-synapticon-285238,Maxon - News / Newsroom / News,official,,2026-08-13T05:37:08Z,joint development; strategic partnership,content,"its expertise in the field of motion control through a strategic partnership with the German company Synapticon. The goal of the collaboration is the joint development of high-performance drive solutions with integrated functional safety, based on optimally combined components from both companies. As part of this partnership, the maxon Group has acquired a minority stake in Synapticon; r Stuttgart, Germany Download Contact us Share current page The Swiss maxon Group is expanding its expertise in the field of motion control through a strategic partnership with the German company Synapticon. The goal of the collaboration is the joint development of high-performance drive solutions with integrated functional safety, based on optimally combined components from both companie",5,"기술 생태계 밀착(R&D) 관련 표현이 content에서 발견되었습니다: joint development, strategic partnership"
55,EVG,반도체,nm급 W2W 하이브리드 본딩 장비,6,wafer bonding; die-to-wafer; advanced packaging,4,기술 생태계 밀착(R&D),공동연구·기술 라이선싱·PoC 매칭·지분투자 등,05.05.2026 Xanadu and EV Group partner to build industrial-scale photonic quantum hardware Read more,https://www.evgroup.com/company/news/detail/xanadu-and-ev-group-partner-to-build-industrial-scale-photonic-quantum-hardware,EVG - Press Center / News / Newsroom / News,official,,2026-08-13T05:37:08Z,R&D; strategic partnership,content,"- 0.12 MB Download Press Release (German) - 0.14 MB Download Press Photo - 2.01 MB Menu About EVG Global Presence News Events Suppliers and Partners R&D Projects EV Group - Press contact DI Erich Thallner Strasse 1 4782 St. Florian am Inn Austria Phone +43 7712 5311 0 Fax +43 7712 5311 1500 Send E-Mail Follow us Related News EV Group Announces Management Board Expansion; a leading photonic quantum computing company, and EV Group ( EVG ), a leading supplier of wafer bonding and lithography equipment, today announced a strategic partnership to develop critical heterogeneous integration and wafer bonding processes to facilitate the scalability of photonic quantum systems. Throughout this partnership, Xanadu and EVG expect to utilize EVG’s industrial manufac",5,"기술 생태계 밀착(R&D) 관련 표현이 content에서 발견되었습니다: R&D, strategic partnership"
62,Arkema,이차전지,폴리비닐리덴 플루오라이드(PVDF),3,PVDF,4,기술 생태계 밀착(R&D),공동연구·기술 라이선싱·PoC 매칭·지분투자 등,Press releases and news,https://www.arkema.com/global/en/media/newsroom/,Arkema - Financial News / Financial News,official,,2026-08-13T05:37:08Z,R&D; research center,content,rt of sport running-shoes-arkema.jpg Business our activities fond matiere 4.jpg Sustainability our ambition wind-turbine-renewable.jpg Innovation our R&D strategy kop-research-center-3.jpg Women in industry our commitments arkema-woman-employee-plant.jpg Human resources our commitments coordinateur-maintenance_4-3.jpg Philanthropy our actions sport-dans-la-ville-5.jpg Ap,5,"기술 생태계 밀착(R&D) 관련 표현이 content에서 발견되었습니다: R&D, research center"
24,Ouster,로봇,로봇용 라이다,4,LiDAR; lidar,4,기술 생태계 밀착(R&D),공동연구·기술 라이선싱·PoC 매칭·지분투자 등,Ouster BlueCity with REV8 Lidar Wins Multimillion-Dollar Utah Traffic Modernization Expansion,https://investors.ouster.com/news-releases/news-release-details/ouster-bluecity-rev8-lidar-wins-multimillion-dollar-utah-traffic,Ouster - News Releases / Press Releases,official,2026-08-11T00:00:00Z,2026-08-13T05:37:08Z,research and development,content,"loyees primarily in North America, Econolite drives innovation in traffic management and safety solutions, including connected and automated vehicles research and development. In June 2022, Bridgepoint acquired a majority stake in Econolite Group, and together with PTV Group, a dynamic partnership was formed. Since 2023, Econolite Group and PTV Group are united under the brand Umovity. For m",4,기술 생태계 밀착(R&D) 관련 표현이 content에서 발견되었습니다: research and development
24,Ouster,로봇,로봇용 라이다,4,LiDAR; lidar,4,기술 생태계 밀착(R&D),공동연구·기술 라이선싱·PoC 매칭·지분투자 등,Ouster Announces Results for Second Quarter 2026,https://investors.ouster.com/news-releases/news-release-details/ouster-announces-results-second-quarter-2026,Ouster - News Releases / Press Releases,official,2026-08-06T00:00:00Z,2026-08-13T05:37:08Z,research and development,content,"rom those that we expected, including, but not limited to, risks related to Ouster’s limited operating history and history of losses; the substantial research and development costs needed to develop and commercialize new products; Ouster’s limited sales history and the ability to maintain confidence in the Company’s long-term business prospect among customers in target markets; fluctuations",4,기술 생태계 밀착(R&D) 관련 표현이 content에서 발견되었습니다: research and development
44,Umicore,이차전지,"양극재 소재(수산화리튬, 탄산리튬)",3,lithium,4,기술 생태계 밀착(R&D),공동연구·기술 라이선싱·PoC 매칭·지분투자 등,Newsroom,https://www.umicore.com/en/media/newsroom/,Umicore - Newsroom / Newsroom / News,official,2026-07-31T00:00:00Z,2026-08-13T05:37:08Z,innovation center,content,"ance and resilience April 17, 2026 News Lithium: from lightweight metal to the heavyweight in the energy transition April 10, 2026 News Umicore opens innovation center in Shanghai March 31, 2026 Press release Notice of ordinary and extraordinary shareholders’ meetings and publication of the Annual Report 2025 March 27, 2026 News How are tires made? The science behind the rubber Februa",4,기술 생태계 밀착(R&D) 관련 표현이 content에서 발견되었습니다: innovation center
7,West Pharmaceutical,바이오,Autoinjector/PFS 의약품 완충전 및 제조기술,4,injectable,4,기술 생태계 밀착(R&D),공동연구·기술 라이선싱·PoC 매칭·지분투자 등,West Reports Second-Quarter 2026 Results,https://investor.westpharma.com/news-releases/news-release-details/west-reports-second-quarter-2026-results,West Pharmaceutical - Press Releases / Press Releases,official,2026-07-23T00:00:00Z,2026-08-13T05:37:08Z,research and development,content,"1,717.2 100 % $ 1,464.5 100 % Cost of goods and services sold 543.1 62 492.6 64 1,091.6 64 958.7 65 Gross profit 329.2 38 273.9 36 625.6 36 505.8 35 Research and development 19.7 2 19.1 2 35.5 2 35.4 2 Selling, general and administrative expenses 117.6 14 95.9 13 217.1 12 183.9 13 Other expense (income), net 12.8 1 5.2 1 16.8 1 25.8 2 Operating profit 179.1 21 153.7 20 356.2 21 260.7 18 Int",4,기술 생태계 밀착(R&D) 관련 표현이 content에서 발견되었습니다: research and development
16,Amkor Technology,반도체,반도체 후공정용 고성능 방열소재,0,,4,기술 생태계 밀착(R&D),공동연구·기술 라이선싱·PoC 매칭·지분투자 등,Amkor Technology Announces Strategic Partnership with NVIDIA to Expand Advanced Packaging and Test for Next-Generation AI Infrastructure,https://ir.amkor.com/news-releases/news-release-details/amkor-technology-announces-strategic-partnership-nvidia-expand,Amkor Technology - Investor Press Releases / Press Releases,official,2026-07-23T00:00:00Z,2026-08-13T05:37:08Z,strategic partnership,title; content; url,Skip to content Press Releases Printer-friendly version Back Amkor Technology Announces Strategic Partnership with NVIDIA to Expand Advanced Packaging and Test for Next-Generation AI Infrastructure $1.5 Billion Multi-Year Advanced Packaging and Development Agreement to Support Expansion of Amkor’s U.S . Advanced Packaging Capac,4,"기술 생태계 밀착(R&D) 관련 표현이 title, content, url에서 발견되었습니다: strategic partnership"
21,GE Healthcare,바이오,바이오의약품 생산용 배양 및 정제 시스템,3,resin,4,기술 생태계 밀착(R&D),공동연구·기술 라이선싱·PoC 매칭·지분투자 등,GE HealthCare announces CFO transition; reports preliminary second quarter 2026 financial results and reaffirms guidance reflecting business momentum,https://investor.gehealthcare.com/news-releases/news-release-details/ge-healthcare-announces-cfo-transition-reports-preliminary,GE Healthcare - Investor News Releases / Investor News / Press Releases,official,2026-07-23T00:00:00Z,2026-08-13T05:37:08Z,research and development,content,"ersecurity, or data security breaches; maintenance and protection of the Company’s intellectual property rights, as well as maintenance of successful research and development efforts with respect to commercially successful products and technologies; the Company’s ability to attract and/or retain key talent and qualified employees; increasing attention to sustainability matters; compliance wi",4,기술 생태계 밀착(R&D) 관련 표현이 content에서 발견되었습니다: research and development
23,3M,화학소재,이온교환막 및 바이폴라 이온교환막,0,,4,기술 생태계 밀착(R&D),공동연구·기술 라이선싱·PoC 매칭·지분투자 등,3M Reports Second-Quarter 2026 Results; Increases Full-Year Guidance,https://investors.3m.com/news-events/press-releases/detail/1938/3m-reports-second-quarter-2026-results-increases-full-year,3M - IR Press Releases / Investor Press Releases RSS,official,2026-07-21T10:30:00Z,2026-08-13T05:37:08Z,strategic partnership,content,ee cash flow of $1.3 billion. Strategic and operational highlights The following are recently announced highlights: 3M and Microsoft announced a&nbsp;strategic partnership to advance AI data center infrastructure and enterprise transformation. Microsoft becomes the first announced&nbsp;hyperscale cloud provider to deploy 3M Expanded Beam Optics (EBO) technology. Microsoft is a member of t,4,기술 생태계 밀착(R&D) 관련 표현이 content에서 발견되었습니다: strategic partnership
5,Cytiva,바이오,바이오의약품 생산용 배양 및 정제 시스템,5,bioprocess; resin,4,기술 생태계 밀착(R&D),공동연구·기술 라이선싱·PoC 매칭·지분투자 등,Danaher Reports Second Quarter 2026 Results Danaher Corporation (NYSE: DHR) today announced results for the second quarter 2026. All results in this release reflect only continuing operations and period-to-period comparisons are... 07.21.2026,https://investors.danaher.com/2026-07-21-Danaher-Reports-Second-Quarter-2026-Results,Cytiva - Danaher Press Releases / Press Releases,official,2026-07-21T00:00:00Z,2026-08-13T05:37:08Z,research and development,content,"3) (5,014) (4,643) Gross profit 3,611 3,523 7,202 7,034 Operating costs: Selling, general and administrative expenses (2,072) (2,360) (3,932) (4,218) Research and development expenses (412) (403) (799) (782) Operating profit 1,127 760 2,471 2,034 Nonoperating income (expense): Other income (expense), net (3) (42) (76) (121) Interest expense (107) (71) (170) (143) Interest income 61 8 88 14 E",4,기술 생태계 밀착(R&D) 관련 표현이 content에서 발견되었습니다: research and development
23,3M,화학소재,이온교환막 및 바이폴라 이온교환막,0,,4,기술 생태계 밀착(R&D),공동연구·기술 라이선싱·PoC 매칭·지분투자 등,3M and Microsoft announce strategic partnership to advance AI data center infrastructure and enterprise transformation,https://investors.3m.com/news-events/press-releases/detail/1937/3m-and-microsoft-announce-strategic-partnership-to-advance,3M - IR Press Releases / Investor Press Releases RSS,official,2026-07-15T13:01:00Z,2026-08-13T05:37:08Z,strategic partnership,title; content; url,"3M and Microsoft announce strategic partnership to advance AI data center infrastructure and enterprise transformation Jul 15, 2026 • 9:01 AM EDT Download as PDF Microsoft becomes first announced&nbsp;hyperscale cloud provider to deploy 3M Expanded Beam Optical (EBO)",4,"기술 생태계 밀착(R&D) 관련 표현이 title, content, url에서 발견되었습니다: strategic partnership"
28,ASML,반도체,EUV 노광장비,4,EUV; High NA,4,기술 생태계 밀착(R&D),공동연구·기술 라이선싱·PoC 매칭·지분투자 등,Press releases & announcements,https://www.asml.com/en/news/press-releases,ASML - ASML News / Newsroom / News,official,2026-07-15T00:00:00Z,2026-08-13T05:37:08Z,strategic partnership,content,"roduct July 15, 2026 ASML reports €9.3 billion total net sales and €2.9 billion net income in Q2 2026 May 16, 2026 Tata Electronics and ASML Announce Strategic Partnership to Advance the Semiconductor Manufacturing Ecosystem in India Sorry, we were not able to find a match See share buyback press releases Sign up for news alerts Latest press releases July 15, 2026 High NA EUV reaches new",4,기술 생태계 밀착(R&D) 관련 표현이 content에서 발견되었습니다: strategic partnership
4,Charles River,바이오,바이러스 검증 및 MCB/WCB 특성분석,25,viral safety; viral safety testing; viral safety release testing; pathogen detection; characterization; cell characterization; cell bank characterization; cell line characterization; cell bank; NGS; GMP NGS; cGMP NGS; CGMP NGS; next-generation sequencing; next generation sequencing; GMP; cGMP; CGMP; cell therapy; biologics testing; quality control testing; PathoQuest,4,기술 생태계 밀착(R&D),공동연구·기술 라이선싱·PoC 매칭·지분투자 등,"Charles River Provides NGS Services to Arovella Therapeutics, Accelerating Progress Toward Alternative Cancer Treatment Approaches",https://ir.criver.com/news-releases/news-release-details/charles-river-provides-ngs-services-arovella-therapeutics,Charles River - News Releases / Press Releases,official,2026-07-13T00:00:00Z,2026-08-13T05:37:08Z,research and development,content,"ant ISO, 6 cleanroom suites, 8-10 weeks cell bank completion to release, and over 2,000 cell and viral banks produced supporting client programs from research and development through commercial manufacturing. About Arovella Therapeutics Arovella Therapeutics Ltd (ASX: ALA) is a biotechnology company focused on developing its invariant natural killer T (iNKT) cell therapy platform from Imperi",4,기술 생태계 밀착(R&D) 관련 표현이 content에서 발견되었습니다: research and development
23,3M,화학소재,이온교환막 및 바이폴라 이온교환막,0,,4,기술 생태계 밀착(R&D),공동연구·기술 라이선싱·PoC 매칭·지분투자 등,3M Young Scientist Challenge Names 10 Finalists for 2026 National Competition,https://news.3m.com/2026-07-06-3M-Young-Scientist-Challenge-Names-10-Finalists-for-2026-National-Competition,3M - Corporate Press Releases / Press Releases RSS,official,2026-07-06T13:30:00Z,2026-08-13T05:37:08Z,innovation center,content,"ese mentors will provide guidance and advice to help advance each finalist's solution. Then, on October 12-13, all 10 finalists will gather at the 3M Innovation Center in St. Paul, Minn., to go head-to-head in the final interactive competition. At this final event, each finalist will participate in a series of live challenges before presenting their final project and answering questio",4,기술 생태계 밀착(R&D) 관련 표현이 content에서 발견되었습니다: innovation center
24,Ouster,로봇,로봇용 라이다,4,LiDAR; lidar,4,기술 생태계 밀착(R&D),공동연구·기술 라이선싱·PoC 매칭·지분투자 등,"Ouster Acquires StereoLabs, Creating a World-Leading Physical AI Sensing and Perception Company",https://investors.ouster.com/news-releases/news-release-details/ouster-acquires-stereolabs-creating-world-leading-physical-ai,Ouster - News Releases / Press Releases,official,2026-02-09T00:00:00Z,2026-08-13T05:37:08Z,research and development,content,"rom those that we expected, including, but not limited to, risks related to Ouster’s limited operating history and history of losses; the substantial research and development costs needed to develop and commercialize new products; Ouster’s ability to integrate StereoLabs into Ouster’s corporate structure and its solutions and platform into Ouster’s product offering; the challenges in develop",4,기술 생태계 밀착(R&D) 관련 표현이 content에서 발견되었습니다: research and development
23,3M,화학소재,이온교환막 및 바이폴라 이온교환막,0,,4,기술 생태계 밀착(R&D),공동연구·기술 라이선싱·PoC 매칭·지분투자 등,rss_feed News RSS,https://investors.3m.com/news-events/press-releases/rss,3M - IR Press Releases / Investor Press Releases,official,,2026-08-13T05:37:08Z,strategic partnership,content,,4,기술 생태계 밀착(R&D) 관련 표현이 content에서 발견되었습니다: strategic partnership
27,Prodrive,모빌리티,자율주행차 카메라/이미지 신호처리,0,,4,기술 생태계 밀착(R&D),공동연구·기술 라이선싱·PoC 매칭·지분투자 등,News,https://prodrive-technologies.com/en/about-us/news/?label=Whitepaper,Prodrive - Press-release Filter / Press Releases,official,,2026-08-13T05:37:08Z,strategic partnership,content,Skip to content 20-05-2026 | Press release Prodrive Technologies and Fortaegis Technologies sign strategic partnership agreement Filter news Whitepaper Press release Case study Show all 18-02-2026 | Whitepaper Revolutionizing plasma power solutions for etching and deposition,4,기술 생태계 밀착(R&D) 관련 표현이 content에서 발견되었습니다: strategic partnership
49,Maxon,로봇,로봇용 감속기,3,gearbox,4,기술 생태계 밀착(R&D),공동연구·기술 라이선싱·PoC 매칭·지분투자 등,maxon achieves a respectable result with CHF 594.7 million revenue despite challenging conditions,https://www.maxongroup.com/en/news-and-events/news/maxon-achieves-a-respectable-result-with-chf-594-7-million-revenue-despite-challenging-conditions-283946,Maxon - News / Newsroom / News,official,,2026-08-13T05:37:08Z,research and development,content,"anks to proactive measures, the company considers the 2024 revenue of CHF 594.7 million a satisfactory result under the circumstances. Investments in research and development declined slightly but remain almost stable at 8 percent in percentage terms. The increasing demand for integrated mechatronic systems is evident in the portfolio. maxon is therefore making significant investments in the",4,기술 생태계 밀착(R&D) 관련 표현이 content에서 발견되었습니다: research and development
28,ASML,반도체,EUV 노광장비,5,EUV; lithography,4,기술 생태계 밀착(R&D),공동연구·기술 라이선싱·PoC 매칭·지분투자 등,Go to 2025 Annual Report,https://www.asml.com/en/investors/annual-report/2025,ASML - Financial Results / Financial Reports / Results,official,,2026-08-13T05:37:08Z,research and development,content,"52.8% Read more More profitability KPIs: €17.3bn Gross profit €11.3bn Income from operations €9.6bn Net income €24.73 Earnings per share (basic) Back Research and development €4.7bn Read more Our portfolio-wide innovations tackle the most complex challenges in semiconductor manufacturing, aiming to keep us ahead of market demands and customer expectations.&nbsp;&nbsp;&nbsp;&nbsp;&nbsp;&nbsp;",4,기술 생태계 밀착(R&D) 관련 표현이 content에서 발견되었습니다: research and development
27,Prodrive,모빌리티,자율주행차 카메라/이미지 신호처리,0,,5,핵심 전략 인력의 이동,C-Level 이동·극비 방한 및 실사 조율 등,1-05-2026 | Press release Prodrive Technologies appoints Mark Roeloffzen as new Chief Executive Officer,https://prodrive-technologies.com/en/about-us/news/prodrive-technologies-appoints-mark-roeloffzen-as-new-chief-executive-officer/,Prodrive - Press-release Filter / Press Releases,official,2026-06-01T00:00:00Z,2026-08-13T05:37:08Z,leadership transition,content,"anagement Science from the University of Twente and an Executive MBA with honors from IMD Business School in Lausanne, Switzerland. Reflecting on the leadership transition, Pieter Janssen, co‑founder and incoming CTO of Prodrive Technologies, commented: “Developments in our key markets are moving at a rapid pace, and I am very pleased that Mark is joining our leadership team as CEO. I am",4,핵심 전략 인력의 이동 관련 표현이 content에서 발견되었습니다: leadership transition
23,3M,화학소재,이온교환막 및 바이폴라 이온교환막,0,,5,핵심 전략 인력의 이동,C-Level 이동·극비 방한 및 실사 조율 등,rss_feed News RSS,https://investors.3m.com/news-events/press-releases/rss,3M - IR Press Releases / Investor Press Releases,official,,2026-08-13T05:37:08Z,board appointment,content,,4,핵심 전략 인력의 이동 관련 표현이 content에서 발견되었습니다: board appointment
